ticker,name,asset_type,asset_class,category,geography,sector,volatility,avg_volume,last_price,liquidity,sharpe_ratio,max_drawdown,listing_years,ann_return,expense_ratio,is_esg,reliability_score
MCHI,iShares MSCI China ETF,ETF,Equities - Emerging Markets,equities,Emerging,Multi-secteur (Émergents),0.27393721911830626,3586613.864361702,55.56999969482422,199308131.3480321,0.1853,-0.2601,3.0,0.0707,0.001,False,37.3
VT,Vanguard Total World Stock Inde,ETF,Equities - US,equities,US,Multi-secteur,0.13934013929056763,2252737.932180851,138.75999450683594,312589903.0947559,1.1891,-0.1651,3.0,0.1857,0.001,False,73.6
VWCE.DE,Vanguard FTSE All-World U.ETF R,ETF,Equities - Europe,equities,Europe,Multi-secteur,0.12677948654613916,115753.4255599473,143.33999633789062,16592095.59586114,1.0609,-0.2107,3.0,0.1545,0.001,False,64.3
INDA,Ishares MSCI India ETF,ETF,Equities - Emerging Markets,equities,Emerging,Multi-secteur (Émergents),0.1341031070466351,4979714.436170213,47.64500045776367,237258496.59086215,0.412,-0.2073,3.0,0.0753,0.001,False,41.8
AGG,iShares Core U.S. Aggregate Bon,ETF,Fixed Income,bonds,Global,Obligations,0.05613506006430043,8389797.070478724,98.9800033569336,830422142.1999757,0.2475,-0.0736,3.0,0.0339,0.001,False,65.1
VCIT,Vanguard Intermediate-Term Corp,ETF,Fixed Income,bonds,Global,Obligations,0.05787090654233901,7921162.88962766,82.55000305175781,653892020.712234,0.6094,-0.0685,3.0,0.0553,0.001,False,49.5
VGIT,Vanguard Intermediate-Term Trea,ETF,Fixed Income,bonds,Global,Obligations,0.04841060257548841,2832110.96143617,59.390201568603516,168199640.86434564,0.2006,-0.0637,3.0,0.0297,0.001,False,41.0
ITA,iShares U.S. Aerospace & Defens,ETF,Equities - US,equities,US,Industrie,0.18427057074655576,561486.3922872341,226.14999389648438,126980144.18871702,1.417,-0.1517,3.0,0.2811,0.001,False,54.8
XLI,State Street Industrial Select ,ETF,Sector,equities,Global,Industrie,0.15871100060631602,9933956.34175532,164.32000732421875,1632347778.8357034,1.2106,-0.1849,3.0,0.2121,0.001,False,57.3
IWDA.AS,iShares Core MSCI World UCITS E,ETF,Equities - Europe,equities,Europe,Multi-secteur,0.1295641991559555,133720.6282722513,109.18499755859375,14600286.471439382,1.044,-0.2159,3.0,0.1553,0.001,False,63.6
LQD,iShares iBoxx $ Investment Grad,ETF,Fixed Income,bonds,Global,Obligations,0.07557361272161174,26684003.14095745,108.51000213623047,2895481237.828473,0.3018,-0.0914,3.0,0.0428,0.001,False,68.3
HYG,iShares iBoxx $ High Yield Corp,ETF,Fixed Income,bonds,Global,Obligations,0.054233275580834,38954678.92952128,79.41000366210938,3093391196.4495797,1.245,-0.0456,3.0,0.0875,0.001,False,62.0
TIP,iShares TIPS Bond ETF,ETF,Fixed Income,bonds,Global,Obligations,0.04930016839028443,2576853.625,110.23999786376953,284072338.1152468,0.199,-0.0631,3.0,0.0298,0.001,False,42.2
TAN,Invesco Solar ETF,ETF,Equities - US,equities,US,Énergie,0.3781949325121572,1015223.1063829787,55.290000915527344,56131686.481379405,-0.2896,-0.666,3.0,-0.0895,0.001,False,23.8
IEF,iShares 7-10 Year Treasury Bond,ETF,Fixed Income,bonds,Global,Obligations,0.06857987678899882,8534159.27925532,95.16000366210938,812110628.2669609,-0.013,-0.1016,3.0,0.0191,0.001,False,41.2
DIA,State Street SPDR Dow Jones Ind,ETF,Equities - US,equities,US,Multi-secteur,0.13307472396990272,3944885.392287234,462.8900146484375,1826048057.0222447,0.9777,-0.1595,3.0,0.1501,0.001,False,54.9
SUSA,iShares ESG Optimized MSCI USA ,ETF,ESG / Sustainable,equities,Global,Multi-secteur,0.1483405050129948,168861.57978723405,133.66000366210938,22570039.372751277,1.0893,-0.193,3.0,0.1816,0.001,True,45.7
XLY,State Street Consumer Discretio,ETF,Sector,equities,Global,Consommation Cyclique,0.20621471520715665,9147056.127659574,110.37129974365234,1009572473.6379267,0.7176,-0.2601,3.0,0.168,0.001,False,48.1
FEZ,State Street SPDR EURO STOXX 50,ETF,Equities - US,equities,US,Multi-secteur (Europe),0.17329239068822166,1622179.4800531915,61.7599983215332,100185801.96531071,0.8057,-0.1585,3.0,0.1596,0.001,False,46.0
MUB,iShares National Muni Bond ETF,ETF,Fixed Income,bonds,Global,Obligations,0.04144298793327724,4106502.9055851065,106.32499694824219,436623908.9042841,0.1903,-0.0575,3.0,0.0279,0.001,False,43.2
CW8.PA,Amundi MSCI World Swap UCITS ET,ETF,Equities - Europe,equities,Europe,Multi-secteur,0.12994800377778615,6950.7908496732025,594.90087890625,4135031.5855641086,1.0154,-0.2166,3.0,0.1519,0.001,False,60.4
XLU,State Street Utilities Select S,ETF,Sector,equities,Global,Services Publics,0.1628571725238718,25675941.243351065,44.959999084472656,1154390294.7940376,0.828,-0.1839,3.0,0.1548,0.001,False,51.4
ICLN,iShares Global Clean Energy ETF,ETF,Equities - US,equities,US,Énergie,0.2437703300867555,3223092.2074468085,18.219900131225586,58724418.13341227,-0.0611,-0.453,3.0,0.0051,0.001,False,28.2
SMH,VanEck Semiconductor ETF,ETF,Equities - US,equities,US,Technologie,0.3377485615938756,7748284.420212766,392.0050048828125,3037366271.978925,1.2925,-0.3574,3.0,0.4566,0.001,False,56.3
PSP5.PA,Amundi PEA S&P 500 UCITS ETF Ac,ETF,Equities - Europe,equities,Europe,Multi-secteur (Europe),0.13981512496739568,42387.31503267974,49.770999908447266,2109659.0526108285,1.053,-0.232,3.0,0.1672,0.001,False,59.0
IEMG,iShares Core MSCI Emerging Mark,ETF,Equities - Emerging Markets,equities,Emerging,Multi-secteur (Émergents),0.1642833350389809,11149861.171542553,70.26000213623047,783389269.7312529,0.9212,-0.1721,3.0,0.1713,0.001,False,52.0
URTH,iShares MSCI World ETF,ETF,Equities - US,equities,US,Multi-secteur,0.14039402760194483,285130.28723404254,180.8300018310547,51560110.36262106,1.2074,-0.1694,3.0,0.1895,0.001,False,69.6
VTI,Vanguard Total Stock Market ETF,ETF,Equities - US,equities,US,Multi-secteur,0.15210414203319447,3568580.651595745,324.8599853515625,1159289058.203263,1.1833,-0.193,3.0,0.2,0.001,False,76.0
XLK,State Street Technology Select ,ETF,Sector,equities,Global,Technologie,0.23072323071316383,13069814.978723405,136.91000366210938,1789388416.6001134,0.9703,-0.2566,3.0,0.2439,0.001,False,52.8
ACWI,iShares MSCI ACWI ETF,ETF,Equities - US,equities,US,Multi-secteur,0.13988587754662193,3344805.6343085105,138.9499969482422,464760732.6796308,1.1941,-0.1655,3.0,0.187,0.001,False,74.6
DSI,iShares ESG MSCI KLD 400 ETF,ETF,ESG / Sustainable,equities,Global,Multi-secteur,0.15725318095696117,124839.91223404255,122.62000274658203,15307870.381021358,1.0947,-0.2058,3.0,0.1921,0.001,True,44.6
BNDX,Vanguard Total International Bo,ETF,Fixed Income,bonds,Global,Obligations,0.040185592658804926,3492320.5930851065,47.98929977416992,167594019.84906808,0.3962,-0.027,3.0,0.0359,0.001,False,64.4
ESGV,Vanguard ESG U.S. Stock ETF,ETF,ESG / Sustainable,equities,Global,Multi-secteur,0.15909625772208327,220436.47074468085,113.52999877929688,25026152.254556127,1.1029,-0.2041,3.0,0.1955,0.001,True,65.9
SCHE,Schwab Emerging Markets Equity ,ETF,Equities - Emerging Markets,equities,Emerging,Multi-secteur (Émergents),0.15855664305948858,1421770.7313829786,32.72999954223633,46534555.3873299,0.7798,-0.1707,3.0,0.1436,0.001,False,43.7
ANX.PA,Amundi Nasdaq-100 Swap UCITS ET,ETF,Equities - Europe,equities,Europe,Multi-secteur (Europe),0.1803844911701376,3938.5150326797384,238.8000030517578,940517.4018233155,1.0623,-0.2673,3.0,0.2116,0.001,False,56.6
EMB,iShares J.P. Morgan USD Emergin,ETF,Fixed Income,bonds,Global,Obligations,0.07501835887539136,6402715.373670213,94.0199966430664,601983277.9389831,0.8804,-0.0795,3.0,0.086,0.001,False,52.7
VOTE,TCW Transform 500 ETF,ETF,Equities - US,equities,US,Multi-secteur,0.1492891261142538,37440.765957446805,77.08000183105469,2885934.3085560896,1.2445,-0.1908,3.0,0.2058,0.001,False,43.1
IWM,iShares Russell 2000 ETF,ETF,Equities - US,equities,US,Multi-secteur,0.21051707647280865,34024986.787234046,248.47000122070312,8454188508.558451,0.6116,-0.275,3.0,0.1487,0.001,False,71.2
IE00B4L5Y983,ISHARES III PLC ISHRS CORE MSCI,ETF,Equities - US,equities,US,Autre,0.1326810259959267,419114.62928759895,126.5199966430664,53026381.49052704,1.2102,-0.1694,3.0,0.1806,0.001,False,49.7
ESGU,iShares ESG Aware MSCI USA ETF,ETF,ESG / Sustainable,equities,Global,Multi-secteur,0.15099032262854187,728888.8643617021,142.8800048828125,104143644.49902765,1.1683,-0.1932,3.0,0.1964,0.001,True,70.2
VTV,Vanguard Value ETF,ETF,Equities - US,equities,US,Multi-secteur,0.12320428670310779,2628753.311170213,196.49000549316406,516523752.55200833,1.1964,-0.1452,3.0,0.1674,0.001,False,55.2
TLT,iShares 20+ Year Treasury Bond ,ETF,Fixed Income,bonds,Global,Obligations,0.14373070174775981,37341314.0731383,86.20999908447266,3219194652.0582585,-0.3467,-0.2244,3.0,-0.0298,0.001,False,61.9
JNK,State Street SPDR Bloomberg Hig,ETF,Fixed Income,bonds,Global,Obligations,0.05493469032016066,5382868.744680851,95.48999786376953,514010124.9305262,1.2427,-0.0502,3.0,0.0883,0.001,False,57.7
VWOB,Vanguard Emerging Markets Gover,ETF,Fixed Income,bonds,Global,Obligations,0.07095966427970031,529285.4202127659,65.6449966430664,34744939.63309101,0.8811,-0.077,3.0,0.0825,0.001,False,46.2
XLV,State Street Health Care Select,ETF,Sector,equities,Global,Santé,0.13661941906928934,9823452.784574468,145.02999877929688,1424695345.3553154,0.3348,-0.1711,3.0,0.0657,0.001,False,45.6
VGK,Vanguard FTSEEuropean ETF,ETF,Equities - US,equities,US,Multi-secteur (Europe),0.14961310929173965,2899643.324468085,81.15499877929688,235320550.45760378,0.8809,-0.1431,3.0,0.1518,0.001,False,49.3
XLRE,State Street Real Estate Select,ETF,Sector,equities,Global,Immobilier,0.17091096845736875,6378068.175531914,40.93000030517578,261054332.3709532,0.4241,-0.1674,3.0,0.0925,0.001,False,42.9
KBE,State Street SPDR S&P Bank ETF,ETF,Equities - US,equities,US,Finance,0.26939229219769556,2315932.151595745,58.86000061035156,136315767.85645834,0.7443,-0.2598,3.0,0.2205,0.001,False,43.9
VWO,Vanguard FTSE Emerging Markets ,ETF,Equities - Emerging Markets,equities,Emerging,Multi-secteur (Émergents),0.1556109184039911,9526963.59574468,53.70500183105469,511645597.3538594,0.7806,-0.1737,3.0,0.1415,0.001,False,49.1
SUSL,iShares ESG MSCI USA Leaders ET,ETF,ESG / Sustainable,equities,Global,Multi-secteur,0.15463580365105573,70075.25,114.7699966430664,8042536.207262039,1.1787,-0.1991,3.0,0.2023,0.001,True,44.4
ESGE,iShares ESG Aware MSCI EM ETF,ETF,ESG / Sustainable,equities,Global,Multi-secteur (Émergents),0.1714139697663901,762120.6582446808,45.95500183105469,35023256.24511891,0.8916,-0.1671,3.0,0.1728,0.001,True,44.6
VUG,Vanguard Growth ETF,ETF,Equities - US,equities,US,Multi-secteur,0.19136104036973778,1122868.9055851065,446.7200012207031,501607998.8736683,1.1323,-0.2285,3.0,0.2367,0.001,False,52.7
PAEEM.PA,Amundi PEA Emergent (MSCI Emerg,ETF,ESG / Sustainable,equities,Global,Multi-secteur (Émergents),0.15633657841479323,24623.861437908497,30.18400001525879,743246.6340175604,0.7704,-0.1866,3.0,0.1404,0.001,True,33.8
VOO,Vanguard S&P 500 ETF,ETF,Equities - US,equities,US,Multi-secteur,0.1463449118221117,6195114.518617021,605.5349731445312,3751358503.6580534,1.2572,-0.1869,3.0,0.204,0.001,False,79.7
XLE,State Street Energy Select Sect,ETF,Sector,equities,Global,Énergie,0.21362729230048078,35399940.49867021,59.665000915527344,2112137482.2627718,0.8005,-0.2014,3.0,0.191,0.001,False,52.1
SCHD,Schwab US Dividend Equity ETF,ETF,Equities - US,equities,US,Multi-secteur,0.13243608526709025,13393481.64361702,30.645000457763672,410443251.09969294,0.8512,-0.1612,3.0,0.1327,0.001,False,49.8
IBB,iShares Biotechnology ETF,ETF,Equities - US,equities,US,Santé,0.1941420880548119,1647045.9388297873,162.8000030517578,268139083.86787468,0.3993,-0.2485,3.0,0.0975,0.001,False,41.0
BND,Vanguard Total Bond Market ETF,ETF,Fixed Income,bonds,Global,Obligations,0.05509884148710251,6829730.569148936,73.41500091552734,501404675.9868742,0.256,-0.0718,3.0,0.0341,0.001,False,64.1
MBB,iShares MBS ETF,ETF,Equities - US,equities,US,Obligations,0.06496754293333655,2622602.388297872,94.52999877929688,247914600.56437892,0.2602,-0.0877,3.0,0.0369,0.001,False,42.2
XLP,State Street Consumer Staples S,ETF,Sector,equities,Global,Consommation Défensive,0.11974321749456829,13041051.093085106,81.55000305175781,1063497756.43922,0.4241,-0.1337,3.0,0.0708,0.001,False,46.8
XLF,State Street Financial Select S,ETF,Sector,equities,Global,Finance,0.16105051142590493,43087675.42420213,49.08000183105469,2114743188.7157307,1.016,-0.1554,3.0,0.1836,0.001,False,55.8
SHY,iShares 1-3 Year Treasury Bond ,ETF,Fixed Income,bonds,Global,Obligations,0.017737944473891903,4353063.470744681,82.41999816894531,358779483.2880793,0.9598,-0.0158,3.0,0.037,0.001,False,53.8
KRE,State Street SPDR S&P Regional ,ETF,Equities - US,equities,US,Finance,0.3020681974803018,16325691.36037234,64.25,1048925669.9039229,0.5392,-0.282,3.0,0.1829,0.001,False,45.4
PUST.PA,Amundi PEA Nasdaq-100 UCITS ETF,ETF,Equities - Europe,equities,Europe,Multi-secteur,0.1808611370684461,32407.79477124183,83.68000030517578,2711884.2763475906,1.044,-0.268,3.0,0.2088,0.001,False,58.8
EEM,iShares MSCI Emerging Index Fun,ETF,Equities - Emerging Markets,equities,Emerging,Multi-secteur (Émergents),0.16910135352502648,28930967.34574468,57.189998626708984,1654561982.7725008,0.8737,-0.1729,3.0,0.1677,0.001,False,53.0
EZU,iShares MSCI Eurozone ETF,ETF,Equities - US,equities,US,Multi-secteur (Europe),0.16510860233950445,2292415.9973404254,62.01499938964844,142164176.67588678,0.8407,-0.1502,3.0,0.1588,0.001,False,47.4
PMEH.PA,Amundi PEA Immobilier Europe (F,ETF,Equities - Europe,equities,Europe,Autre,0.19166845017525636,9657.4,12.053000450134277,116400.64654712676,0.2168,-0.2182,3.0,0.0616,0.001,False,21.5
PTPXE.PA,Amundi PEA Japon (TOPIX) UCITS ,ETF,Equities - Europe,equities,Europe,Autre,0.16508662752992492,7499.903267973857,33.50400161743164,251276.77122077695,0.7233,-0.1554,3.0,0.1394,0.001,False,31.3
VNM,VanEck Vietnam ETF,ETF,Equities - US,equities,US,Autre,0.2534418326916441,650622.6875,16.4950008392334,10732021.77633679,0.4727,-0.316,3.0,0.1398,0.001,False,33.3
ESE.PA,BNP Paribas Easy S&P 500 UCITS ,ETF,Equities - Europe,equities,Europe,Multi-secteur (Europe),0.14008626873510274,123642.12287581699,28.708499908447266,3549579.8732606177,1.0468,-0.2328,3.0,0.1666,0.001,False,40.1
XLB,State Street Materials Select S,ETF,Sector,equities,Global,Matières Premières,0.16892053229192416,11648483.308510639,47.66999816894531,555283177.9876922,0.4609,-0.2317,3.0,0.0979,0.001,False,43.9
SPY,State Street SPDR S&P 500 ETF T,ETF,Equities - US,equities,US,Multi-secteur,0.15029722376207041,70146666.54920213,656.6199951171875,46059703847.02408,1.217,-0.1876,3.0,0.2029,0.001,False,84.9
QQQ,"Invesco QQQ Trust, Series 1",ETF,Equities - US,equities,US,Technologie,0.19503198292223492,46491078.99601064,588.4199829101562,27356279908.307304,1.1624,-0.2277,3.0,0.2467,0.001,False,82.2
LIT,Global X Lithium & Battery Tech,ETF,Equities - US,equities,US,Technologie,0.3088896754534512,381045.7779255319,69.63249969482422,26533170.015113655,0.1168,-0.5301,3.0,0.0561,0.001,False,26.4
SAF.PA,SAFRAN,STOCK,Equities - Europe,equities,Europe,Industrie,0.23063458176486104,551958.7947712418,287.29998779296875,158577754.99999952,1.1994,-0.2309,3.0,0.2966,0.0,False,50.9
ARE,Alexandria Real Estate Equities,STOCK,Equities - US,equities,US,Immobilier,0.3419780459101944,1448353.5039893617,48.90999984741211,70838969.65911847,-0.6794,-0.629,3.0,-0.2123,0.0,False,25.1
GEN,Gen Digital Inc.,STOCK,Equities - US,equities,US,Technologie,0.29455048946504897,4251855.208776596,21.299999237060547,90564512.7030334,0.3258,-0.3517,3.0,0.116,0.0,False,35.5
IEF,iShares 7-10 Year Treasury Bond,STOCK,Fixed Income,bonds,Global,Obligations,0.06858696932328995,8534359.803191489,95.20500183105469,812513740.6897252,-0.0107,-0.1016,3.0,0.0193,0.0,False,41.2
CPAY,"Corpay, Inc.",STOCK,Equities - US,equities,US,Technologie,0.3186514889702619,504201.3045212766,300.81500244140625,151671316.65052804,0.3987,-0.3454,3.0,0.147,0.0,False,37.8
DAL,"Delta Air Lines, Inc.",STOCK,Equities - US,equities,US,Industrie,0.3982418887369837,9664801.226063829,65.99009704589844,637781170.8372703,0.6669,-0.4792,3.0,0.2856,0.0,False,42.0
BA.L,BAE SYSTEMS PLC ORD 2.5P,STOCK,Equities - Europe,equities,Europe,Industrie,0.2670056724146133,6667105.076517151,2140.0,14267604863.746702,1.0449,-0.2186,3.0,0.299,0.0,False,59.3
BDX,"Becton, Dickinson and Company",STOCK,Equities - US,equities,US,Santé,0.2403944903714747,2282277.623670213,156.5749969482422,357347611.961205,-0.2413,-0.4006,3.0,-0.038,0.0,False,33.3
MC.PA,LVMH,STOCK,Equities - Europe,equities,Europe,Luxe,0.29596956193818685,432604.64183006535,466.6000061035156,201853328.51831767,-0.5869,-0.4903,3.0,-0.1537,0.0,False,50.2
HSY,The Hershey Company,STOCK,Equities - US,equities,US,Consommation Défensive,0.24328543877379039,1660918.9654255318,215.3800048828125,357728734.8833069,-0.1391,-0.4525,3.0,-0.0138,0.0,False,32.3
DOV,Dover Corporation,STOCK,Equities - US,equities,US,Industrie,0.2373974308217138,977423.1848404255,214.08399963378906,209250664.74543458,0.612,-0.2659,3.0,0.1653,0.0,False,43.0
BK,The Bank of New York Mellon Cor,STOCK,Equities - US,equities,US,Finance,0.21692932896942335,4066692.7579787234,116.43000030517578,473485039.0525189,1.9042,-0.1758,3.0,0.4331,0.0,False,63.9
ABBV,AbbVie Inc.,STOCK,Equities - US,equities,US,Santé,0.23895392149671518,5838217.925531914,204.94000244140625,1196484395.9119723,0.4939,-0.2074,3.0,0.138,0.0,False,46.5
CSCO,"Cisco Systems, Inc.",STOCK,Equities - US,equities,US,Technologie,0.22227295173106168,19968581.800531916,79.08999633789062,1579315061.4769387,0.8188,-0.2016,3.0,0.202,0.0,False,51.6
KBE,State Street SPDR S&P Bank ETF,STOCK,Equities - US,equities,US,Finance,0.2694624350276446,2315958.1050531915,59.040000915527344,136734168.6426634,0.7487,-0.2598,3.0,0.2218,0.0,False,43.9
HD,"Home Depot, Inc. (The)",STOCK,Equities - US,equities,US,Consommation Cyclique,0.21579221610641275,3597148.289893617,332.260009765625,1195188525.9284544,0.2836,-0.2328,3.0,0.0812,0.0,False,63.2
FAST,Fastenal Company,STOCK,Equities - US,equities,US,Industrie,0.23088677673590832,6671603.170212766,45.060001373291016,300622448.0118399,0.929,-0.219,3.0,0.2345,0.0,False,49.0
FTV,Fortive Corporation,STOCK,Equities - US,equities,US,Technologie,0.24671038411149965,3147781.4188829786,56.189998626708984,176873833.60421464,0.1385,-0.2803,3.0,0.0542,0.0,False,36.0
CTRA,Coterra Energy Inc.,STOCK,Equities - US,equities,US,Énergie,0.2703907352332267,7134332.198138298,34.084999084472656,243173706.44186768,0.5799,-0.2362,3.0,0.1768,0.0,False,43.5
PEP,"Pepsico, Inc.",STOCK,Equities - US,equities,US,Consommation Défensive,0.1892443277109036,6455022.200797873,150.61500549316406,972223204.2316675,-0.198,-0.3032,3.0,-0.0175,0.0,False,57.6
BND,Vanguard Total Bond Market ETF,STOCK,Fixed Income,bonds,Global,Obligations,0.05510722723790087,6829791.489361702,73.44499969482422,501614033.8518833,0.2585,-0.0718,3.0,0.0342,0.0,False,64.1
CMCSA,Comcast Corporation,STOCK,Equities - US,equities,US,Communication,0.2521067066711824,24163754.41223404,29.03499984741211,701594605.6721191,-0.1449,-0.3987,3.0,-0.0165,0.0,False,34.9
EN.PA,BOUYGUES,STOCK,Equities - Europe,equities,Europe,Industrie,0.1963398985214985,801544.1738562091,49.29999923706055,39516127.15958144,1.0524,-0.2398,3.0,0.2266,0.0,False,45.6
IQV,"IQVIA Holdings, Inc.",STOCK,Equities - US,equities,US,Santé,0.33505381468250145,1439541.386968085,167.97999572753906,241814156.0325146,-0.1702,-0.4712,3.0,-0.037,0.0,False,31.0
APD,"Air Products and Chemicals, Inc",STOCK,Equities - US,equities,US,Matières Premières,0.26962995905196735,1309351.069148936,279.4949951171875,365957070.67846614,0.0823,-0.3043,3.0,0.0422,0.0,False,36.4
INDA,Ishares MSCI India ETF,STOCK,Equities - Emerging Markets,equities,Emerging,Multi-secteur (Émergents),0.13419634384843357,4979770.388297873,47.720001220703125,237634649.00839576,0.416,-0.2073,3.0,0.0758,0.0,False,41.8
TCEHY,Tencent Holding Ltd.,STOCK,Equities - US,equities,US,Communication,0.3461133477422468,2820612.578457447,64.11000061035156,180829474.1264722,0.265,-0.313,3.0,0.1117,0.0,False,37.1
META,"Meta Platforms, Inc.",STOCK,Equities - US,equities,US,Technologie,0.3569781771327602,16756954.844414894,603.861328125,10118877007.67903,1.1813,-0.3415,3.0,0.4417,0.0,False,57.9
GLE.PA,SOCIETE GENERALE,STOCK,Equities - Europe,equities,Europe,Finance,0.3110221638356925,3106163.654901961,63.84000015258789,198297488.20290413,1.5651,-0.266,3.0,0.5068,0.0,False,55.6
COF,Capital One Financial Corporati,STOCK,Equities - US,equities,US,Finance,0.33117967413325294,3338580.9401595746,187.02999877929688,624414789.162629,0.8459,-0.3094,3.0,0.3002,0.0,False,47.7
AI.PA,AIR LIQUIDE,STOCK,Equities - Europe,equities,Europe,Industrie,0.17466823940496579,673853.3019607844,165.55999755859375,111563151.0274778,0.3535,-0.1626,3.0,0.0817,0.0,False,40.1
VIV.PA,VIVENDI SE,STOCK,Equities - Europe,equities,Europe,Communication,0.5756846999189021,2818095.9437908498,1.6974999904632568,4783717.837709511,-0.7607,-0.8468,3.0,-0.4179,0.0,False,14.6
ALL,Allstate Corporation (The),STOCK,Equities - US,equities,US,Finance,0.24087919598757984,1632444.0984042552,208.08999633789062,339695286.45875263,1.0976,-0.1427,3.0,0.2844,0.0,False,53.0
QCOM,QUALCOMM Incorporated,STOCK,Equities - US,equities,US,Technologie,0.3589598731487265,8827844.457446808,128.25,1132171051.6675532,0.0401,-0.4423,3.0,0.0344,0.0,False,35.7
CTSH,Cognizant Technology Solutions ,STOCK,Equities - US,equities,US,Technologie,0.2493763344413901,3992175.6276595746,62.4900016784668,249471061.67318106,0.087,-0.3211,3.0,0.0417,0.0,False,35.3
INCY,Incyte Corporation,STOCK,Equities - US,equities,US,Santé,0.3081921647120192,2038251.3989361702,90.96240234375,185404243.8277432,0.1953,-0.3383,3.0,0.0802,0.0,False,35.7
AKAM,"Akamai Technologies, Inc.",STOCK,Equities - US,equities,US,Technologie,0.34903074819850766,2070721.0039893617,114.55000305175781,237201097.32632038,0.3789,-0.4684,3.0,0.1522,0.0,False,36.1
AEP,American Electric Power Company,STOCK,Equities - US,equities,US,Services Publics,0.1937260780568899,3283929.1462765955,128.7100067138672,422674542.4651247,0.8853,-0.2336,3.0,0.1915,0.0,False,48.9
AVGO,Broadcom Inc.,STOCK,Equities - US,equities,US,Technologie,0.4805487454099243,28183073.57845745,321.489990234375,9060576049.512957,1.4984,-0.4115,3.0,0.7401,0.0,False,60.5
BIIB,Biogen Inc.,STOCK,Equities - US,equities,US,Santé,0.2808920640143709,1327953.7832446808,184.38999938964844,244861397.28196803,-0.4793,-0.6435,3.0,-0.1146,0.0,False,27.6
GEV,GE Vernova Inc.,STOCK,Equities - US,equities,US,Industrie,0.5304156868393469,3344420.2208835343,896.0,2996600517.911647,3.0696,-0.3829,2.0,1.6482,0.0,False,77.5
CVX,Chevron Corporation,STOCK,Equities - US,equities,US,Énergie,0.22143017543821095,8684799.377659574,203.77000427246094,1769701606.2911575,0.5638,-0.2064,3.0,0.1448,0.0,False,68.4
EXR,Extra Space Storage Inc,STOCK,Equities - US,equities,US,Immobilier,0.2758184881924765,1239821.5412234042,133.77000427246094,165850932.8665439,-0.0458,-0.3597,3.0,0.0074,0.0,False,32.4
BRO,"Brown & Brown, Inc.",STOCK,Equities - US,equities,US,Finance,0.219394273592067,1867582.5824468085,67.06999969482422,125258763.23476647,0.2531,-0.4612,3.0,0.0755,0.0,False,33.1
GL,Globe Life Inc.,STOCK,Equities - US,equities,US,Finance,0.4151744958507558,857146.0359042553,137.86000061035156,118166153.03292106,0.1933,-0.6162,3.0,0.1003,0.0,False,29.1
ABI.BR,AB INBEV,STOCK,Equities - Europe,equities,Europe,Consommation Défensive,0.2099275796769847,1573766.77124183,59.0,92852239.50326797,0.0285,-0.2746,3.0,0.026,0.0,False,33.2
PUST.PA,Amundi PEA Nasdaq-100 UCITS ETF,STOCK,Equities - Europe,equities,Europe,Multi-secteur,0.1808611370684461,32407.79477124183,83.68000030517578,2711884.2763475906,1.044,-0.268,3.0,0.2088,0.0,False,58.8
AIZ,"Assurant, Inc.",STOCK,Equities - US,equities,US,Finance,0.24676207841306544,390413.19946808513,219.0,85500490.68351065,1.0211,-0.2083,3.0,0.272,0.0,False,47.5
GPN,Global Payments Inc.,STOCK,Equities - US,equities,US,Industrie,0.3538307170499141,2423681.0771276597,71.06999969482422,172251013.411814,-0.3228,-0.5088,3.0,-0.0942,0.0,False,29.5
DVN,Devon Energy Corporation,STOCK,Equities - US,equities,US,Énergie,0.3346685428367286,8655945.013297873,48.880001068115234,423102601.49554676,0.0986,-0.4922,3.0,0.053,0.0,False,33.2
ESE.PA,BNP Paribas Easy S&P 500 UCITS ,STOCK,Equities - Europe,equities,Europe,Multi-secteur (Europe),0.14008626873510274,123642.12287581699,28.708499908447266,3549579.8732606177,1.0468,-0.2328,3.0,0.1666,0.0,False,40.1
AMT,American Tower Corporation (REI,STOCK,Equities - US,equities,US,Immobilier,0.2547982339067038,2495313.7978723403,175.39999389648438,437678024.91662174,-0.0615,-0.2741,3.0,0.0043,0.0,False,36.3
QQQ,"Invesco QQQ Trust, Series 1",STOCK,Equities - US,equities,US,Technologie,0.1950739298345867,46492145.622340426,589.6990966796875,27416376276.194637,1.1668,-0.2277,3.0,0.2476,0.0,False,82.3
ENGI.PA,ENGIE,STOCK,Equities - Europe,equities,Europe,Énergie,0.17284888483814426,4988295.362091503,26.34000015258789,131391700.59864366,1.9037,-0.1677,3.0,0.349,0.0,False,61.1
BLK,"BlackRock, Inc.",STOCK,Equities - US,equities,US,Finance,0.23594832364837154,654747.789893617,982.9749755859375,643600692.7856247,0.6574,-0.2374,3.0,0.1751,0.0,False,46.7
JBHT,"J.B. Hunt Transport Services, I",STOCK,Equities - US,equities,US,Industrie,0.3230489006291606,952922.5332446808,205.8000030517578,196111460.2498441,0.2029,-0.4241,3.0,0.0856,0.0,False,34.2
ESS,"Essex Property Trust, Inc.",STOCK,Equities - US,equities,US,Immobilier,0.22880945379269363,431466.5385638298,247.1199951171875,106624008.90312341,0.4498,-0.2058,3.0,0.1229,0.0,False,40.5
EBAY,eBay Inc.,STOCK,Equities - US,equities,US,Consommation Cyclique,0.3105277673247013,5399047.670212766,90.48999786376953,488559812.1439431,0.9429,-0.2208,3.0,0.3128,0.0,False,50.2
GNRC,Generac Holdlings Inc.,STOCK,Equities - US,equities,US,Industrie,0.4655615809052331,1056930.4361702127,205.5399932861328,217241474.75433496,0.4814,-0.4776,3.0,0.2441,0.0,False,37.1
ICLN,iShares Global Clean Energy ETF,STOCK,Equities - US,equities,US,Énergie,0.24380457183477508,3223113.260638298,18.264999389648438,58870161.738326296,-0.0576,-0.453,3.0,0.0059,0.0,False,28.2
KER.PA,KERING,STOCK,Equities - Europe,equities,Europe,Luxe,0.36274109497364676,277750.2875816993,245.1999969482422,68104369.66740607,-0.6691,-0.7204,3.0,-0.2227,0.0,False,23.2
KEY,KeyCorp,STOCK,Equities - US,equities,US,Finance,0.371699085773376,16697951.726063829,19.875,331871790.5555186,0.6948,-0.3221,3.0,0.2783,0.0,False,44.0
ACN,Accenture plc,STOCK,Equities - US,equities,US,Technologie,0.2693622155093263,3253627.8125,201.9199981689453,656972521.9424295,-0.3782,-0.5143,3.0,-0.0819,0.0,False,32.5
HIG,"The Hartford Insurance Group, I",STOCK,Equities - US,equities,US,Finance,0.19971336059544123,1585041.6875,135.77000427246094,215201116.6839037,1.3989,-0.1372,3.0,0.2994,0.0,False,56.1
AD.AS,KONINKLIJKE AHOLD DELHAIZE N.V.,STOCK,Equities - Europe,equities,Europe,Consommation Défensive,0.177920473961626,2023649.9150326797,40.060001373291016,81067418.3752694,0.634,-0.1867,3.0,0.1328,0.0,False,42.7
DTE.DE,DEUTSCHE TELEKOM AG           N,STOCK,Equities - Europe,equities,Europe,Communication,0.19229539845338475,6575622.29434954,31.540000915527344,207395133.1839465,0.7555,-0.2446,3.0,0.1653,0.0,False,45.3
FOX,Fox Corporation,STOCK,Equities - US,equities,US,Communication,0.25002528416259245,1293351.930851064,51.939998626708984,67176697.51225567,0.7458,-0.2677,3.0,0.2065,0.0,False,42.1
SUSL,iShares ESG MSCI USA Leaders ET,STOCK,ESG / Sustainable,equities,Global,Multi-secteur,0.15463577471283166,70075.25,114.7699966430664,8042536.207262039,1.1787,-0.1991,3.0,0.2023,0.0,True,44.4
ADM,Archer-Daniels-Midland Company,STOCK,Equities - US,equities,US,Consommation Défensive,0.2881178670553446,3666972.386968085,68.3499984741211,250637557.0539128,-0.0647,-0.4922,3.0,0.0014,0.0,False,30.7
ALLE,Allegion plc,STOCK,Equities - US,equities,US,Industrie,0.24250357361745942,824160.4015957447,145.49000549316406,119907101.35541318,0.4939,-0.2372,3.0,0.1398,0.0,False,40.7
DDOG,"Datadog, Inc.",STOCK,Equities - US,equities,US,Technologie,0.4968652576078926,4710421.299202127,129.3000030517578,609057488.3619001,0.4503,-0.4862,3.0,0.2437,0.0,False,38.8
SAN.PA,SANOFI,STOCK,Equities - Europe,equities,Europe,Santé,0.23646357236341176,1730177.633986928,76.83000183105469,132929550.78726555,-0.2225,-0.278,3.0,-0.0326,0.0,False,53.5
DOW,Dow Inc.,STOCK,Equities - US,equities,US,Matières Premières,0.3537474216021329,7681281.787234043,36.45000076293945,279982727.0050338,-0.2136,-0.6216,3.0,-0.0556,0.0,False,28.4
XOM,Exxon Mobil Corporation,STOCK,Equities - US,equities,US,Énergie,0.2249975428067486,16941011.77526596,161.19000244140625,2730721729.415012,0.8035,-0.1892,3.0,0.2008,0.0,False,72.9
VCIT,Vanguard Intermediate-Term Corp,STOCK,Fixed Income,bonds,Global,Obligations,0.0578939065432108,7921211.188829787,82.61499786376953,654410845.4436401,0.614,-0.0685,3.0,0.0555,0.0,False,49.5
CF,"CF Industries Holdings, Inc.",STOCK,Equities - US,equities,US,Matières Premières,0.3268647695676879,2458452.796542553,120.43000030517578,296071471.03787994,0.6366,-0.2916,3.0,0.2281,0.0,False,43.6
MBG.DE,Mercedes-Benz Group AG        N,STOCK,Equities - Europe,equities,Europe,Consommation Cyclique,0.23954734090943047,2529139.494086728,51.93000030517578,131338214.6997559,-0.1844,-0.344,3.0,-0.0242,0.0,False,32.2
NOVN.SW,NOVARTIS N,STOCK,Equities - Europe,equities,Europe,Santé,0.18544157159101043,3260525.9132176237,116.12000274658203,378612277.99813235,1.0589,-0.1686,3.0,0.2164,0.0,False,72.2
BIDU,"Baidu, Inc.",STOCK,Equities - US,equities,US,Technologie,0.4332503706124169,3536024.095744681,114.45999908447266,404733314.76160944,-0.2504,-0.5195,3.0,-0.0885,0.0,False,31.2
CDW,CDW Corporation,STOCK,Equities - US,equities,US,Technologie,0.2909545842284128,1117507.9667553192,121.5999984741211,135888967.052265,-0.5115,-0.5471,3.0,-0.1288,0.0,False,28.2
UCB.BR,UCB,STOCK,Equities - Europe,equities,Europe,Santé,0.3041324676723516,248367.48235294118,248.60000610351562,61744157.62885599,1.5027,-0.3427,3.0,0.477,0.0,False,50.5
BNDX,Vanguard Total International Bo,STOCK,Fixed Income,bonds,Global,Obligations,0.04019251121844741,3492329.3444148935,48.0,167631808.5319149,0.398,-0.027,3.0,0.036,0.0,False,64.4
ADSK,"Autodesk, Inc.",STOCK,Equities - US,equities,US,Technologie,0.28204010926396167,1573550.0970744682,248.89999389648438,391656609.5576475,0.1915,-0.3309,3.0,0.074,0.0,False,37.5
AZO,"AutoZone, Inc.",STOCK,Equities - US,equities,US,Consommation Cyclique,0.2245800290061646,143044.43617021278,3381.4951171875,483704062.4504135,0.5191,-0.2548,3.0,0.1366,0.0,False,43.9
ENI.MI,ENI,STOCK,Equities - Europe,equities,Europe,Énergie,0.19684283857533758,11178073.377308708,22.520000457763672,251730217.573908,1.423,-0.235,3.0,0.3001,0.0,False,54.8
IBN,ICICI Bank Limited,STOCK,Equities - US,equities,US,Finance,0.20437517766133426,4990908.117021277,26.614999771118164,132833018.39219306,0.3711,-0.2361,3.0,0.0958,0.0,False,39.3
FANG,"Diamondback Energy, Inc.",STOCK,Equities - US,equities,US,Énergie,0.3174324787652267,2038432.8164893617,193.50999450683594,394457123.1214105,0.5554,-0.421,3.0,0.1963,0.0,False,40.6
ISP.MI,INTESA SANPAOLO,STOCK,Equities - Europe,equities,Europe,Finance,0.23236667967440114,71850974.39577836,5.123000144958496,368092552.2449817,1.6917,-0.2118,3.0,0.4131,0.0,False,59.7
XLF,State Street Financial Select S,STOCK,Sector,equities,Global,Finance,0.16104065774379187,43088088.36702128,49.59000015258789,2136738308.6953056,1.04,-0.1554,3.0,0.1875,0.0,False,56.2
EEM,iShares MSCI Emerging Index Fun,STOCK,Equities - Emerging Markets,equities,Emerging,Multi-secteur (Émergents),0.16924349861410384,28932028.19680851,57.33000183105469,1658673229.4991577,0.8786,-0.1729,3.0,0.1687,0.0,False,53.1
CAP.PA,CAPGEMINI,STOCK,Equities - Europe,equities,Europe,Technologie,0.2858421261276741,421300.8614379085,98.23999786376953,41388595.727664396,-0.5803,-0.5496,3.0,-0.1459,0.0,False,25.4
PMEH.PA,Amundi PEA Immobilier Europe (F,STOCK,Equities - Europe,equities,Europe,Autre,0.19166845017525636,9657.4,12.053000450134277,116400.64654712676,0.2168,-0.2182,3.0,0.0616,0.0,False,21.5
CPB,The Campbell's Company,STOCK,Equities - US,equities,US,Consommation Défensive,0.2512512740255355,3806849.8151595746,21.094999313354492,80305494.2368349,-1.031,-0.5798,3.0,-0.239,0.0,False,26.3
VGIT,Vanguard Intermediate-Term Trea,STOCK,Fixed Income,bonds,Global,Obligations,0.04841538804825489,2832120.4813829786,59.410099029541016,168256558.26255414,0.203,-0.0637,3.0,0.0298,0.0,False,41.1
ORCL,Oracle Corporation,STOCK,Equities - US,equities,US,Technologie,0.4571243032545265,13143874.457446808,153.77000427246094,2021133631.4782858,0.4404,-0.5825,3.0,0.2213,0.0,False,39.5
RMS.PA,HERMES INTL,STOCK,Equities - Europe,equities,Europe,Luxe,0.2585573895551888,57906.371241830064,1649.5,95516559.36339869,-0.152,-0.4115,3.0,-0.0193,0.0,False,30.1
PODD,Insulet Corporation,STOCK,Equities - US,equities,US,Santé,0.3867816639082172,814883.2300531915,227.0,184978493.22207448,-0.3118,-0.6131,3.0,-0.1006,0.0,False,27.6
INFY,Infosys Limited,STOCK,Equities - US,equities,US,Technologie,0.27639287333343515,11223519.098404255,13.4399995803833,150844091.97297713,-0.2436,-0.4321,3.0,-0.0473,0.0,False,30.7
ORA.PA,ORANGE,STOCK,Equities - Europe,equities,Europe,Communication,0.16472831510921754,5683089.478431373,16.959999084472656,96385192.35117227,1.2992,-0.1446,3.0,0.234,0.0,False,52.8
PUB.PA,PUBLICIS GROUPE SA,STOCK,Equities - Europe,equities,Europe,Communication,0.24049162336261143,522550.785620915,70.33999633789062,36756220.34693703,0.0488,-0.321,3.0,0.0317,0.0,False,30.4
SCHE,Schwab Emerging Markets Equity ,STOCK,Equities - Emerging Markets,equities,Emerging,Multi-secteur (Émergents),0.15866318393879347,1421785.4627659575,32.79999923706055,46634562.09398718,0.7844,-0.1707,3.0,0.1445,0.0,False,43.7
VOTE,TCW Transform 500 ETF,STOCK,Equities - US,equities,US,Multi-secteur,0.14928916570286763,37441.063829787236,77.08000183105469,2885957.2685566354,1.2445,-0.1908,3.0,0.2058,0.0,False,43.1
APA,APA Corporation,STOCK,Equities - US,equities,US,Énergie,0.43262913095231165,6386613.093085106,39.03499984741211,249301441.1140573,0.157,-0.6745,3.0,0.0879,0.0,False,29.1
CTAS,Cintas Corporation,STOCK,Equities - US,equities,US,Industrie,0.2099353984644602,1671275.0824468085,182.22500610351562,304548112.09952325,0.8623,-0.2069,3.0,0.201,0.0,False,48.3
VTV,Vanguard Value ETF,STOCK,Equities - US,equities,US,Multi-secteur,0.12325743641248275,2628830.380319149,196.85499572753906,517498393.28615093,1.2018,-0.1452,3.0,0.1681,0.0,False,55.3
CA.PA,CARREFOUR,STOCK,Equities - Europe,equities,Europe,Consommation Défensive,0.21259166119038558,2239928.0575163397,15.005000114440918,33610120.7593721,-0.0837,-0.2881,3.0,0.0022,0.0,False,30.2
IVZ,Invesco Ltd,STOCK,Equities - US,equities,US,Finance,0.3454000321168214,4790205.368351064,24.19499969482422,115899017.42539932,0.6063,-0.3652,3.0,0.2294,0.0,False,39.6
BSX,Boston Scientific Corporation,STOCK,Equities - US,equities,US,Santé,0.23447497219858704,7888887.8125,69.41500091552734,547607154.72718,0.4779,-0.3661,3.0,0.1321,0.0,False,41.4
PYPL,"PayPal Holdings, Inc.",STOCK,Equities - US,equities,US,Finance,0.3799502362440203,14426498.833776595,45.58000183105469,657559843.2592455,-0.4283,-0.5734,3.0,-0.1427,0.0,False,31.3
MBB,iShares MBS ETF,STOCK,Equities - US,equities,US,Obligations,0.06497531547377174,2622615.5837765955,94.56500244140625,248007649.08270383,0.2621,-0.0877,3.0,0.037,0.0,False,42.3
HCA,"HCA Healthcare, Inc.",STOCK,Equities - US,equities,US,Santé,0.2525950309928513,1314120.7593085107,501.8299865722656,659465202.9981254,0.9829,-0.2845,3.0,0.2683,0.0,False,50.2
SHY,iShares 1-3 Year Treasury Bond ,STOCK,Fixed Income,bonds,Global,Obligations,0.017740698098733642,4353089.434840426,82.43000030517578,358825163.4423538,0.962,-0.0158,3.0,0.0371,0.0,False,53.9
DHI,"D.R. Horton, Inc.",STOCK,Equities - US,equities,US,Consommation Cyclique,0.3413023882492557,3010154.2473404254,139.25999450683594,419194063.9493565,0.3602,-0.4128,3.0,0.1429,0.0,False,38.3
SPY,State Street SPDR S&P 500 ETF T,STOCK,Equities - US,equities,US,Multi-secteur,0.1503576004629222,70148141.64494681,657.9998779296875,46157468639.36943,1.2221,-0.1876,3.0,0.2038,0.0,False,85.0
ACGL,Arch Capital Group Ltd.,STOCK,Equities - US,equities,US,Finance,0.2334123337134113,1873325.4361702127,94.23999786376953,176542185.10282597,0.5496,-0.2243,3.0,0.1483,0.0,False,42.6
VWCE.DE,Vanguard FTSE All-World U.ETF R,STOCK,Equities - Europe,equities,Europe,Multi-secteur,0.12677948654613916,115753.4255599473,143.33999633789062,16592095.59586114,1.0609,-0.2107,3.0,0.1545,0.0,False,64.3
NVDA,NVIDIA Corporation,STOCK,Equities - US,equities,US,Technologie,0.48658888993209554,332904450.9015958,175.9149932861328,58562884245.277954,1.747,-0.3688,3.0,0.8701,0.0,False,88.9
EXPD,Expeditors International of Was,STOCK,Equities - US,equities,US,Industrie,0.2534821110527232,1272228.0664893617,143.16000366210938,182132174.65765536,0.4123,-0.2126,3.0,0.1245,0.0,False,41.1
WMT,Walmart Inc.,STOCK,Equities - US,equities,US,Consommation Défensive,0.20697027548968952,19169924.511968084,120.81999969482422,2316110273.685787,1.7843,-0.2193,3.0,0.3893,0.0,False,85.0
CW8.PA,Amundi MSCI World Swap UCITS ET,STOCK,Equities - Europe,equities,Europe,Multi-secteur,0.12994800377778615,6950.7908496732025,594.90087890625,4135031.5855641086,1.0154,-0.2166,3.0,0.1519,0.0,False,60.4
COP,ConocoPhillips,STOCK,Equities - US,equities,US,Énergie,0.28306911179700417,6728703.436170213,128.1699981689453,862417907.0933123,0.4168,-0.363,3.0,0.138,0.0,False,41.7
ETN,"Eaton Corporation, PLC",STOCK,Equities - US,equities,US,Industrie,0.31258532422471463,2378827.7406914895,363.3699951171875,864394624.5196967,0.963,-0.3446,3.0,0.321,0.0,False,49.3
DG.PA,VINCI,STOCK,Equities - Europe,equities,Europe,Industrie,0.1966196389277971,875128.2549019608,126.6500015258789,110834994.81867309,0.4531,-0.1585,3.0,0.1091,0.0,False,41.5
XLK,State Street Technology Select ,STOCK,Sector,equities,Global,Technologie,0.23077026516601362,13070045.875,137.26499938964844,1794059839.054552,0.9748,-0.2566,3.0,0.245,0.0,False,52.9
EW,Edwards Lifesciences Corporatio,STOCK,Equities - US,equities,US,Santé,0.3157107893006987,4275601.519946809,82.68499755859375,353528101.2383216,-0.0221,-0.3753,3.0,0.013,0.0,False,33.8
SIE.DE,SIEMENS AG                    N,STOCK,Equities - Europe,equities,Europe,Industrie,0.28031369437058934,1207736.8607095927,211.3000030517578,255194802.35365734,0.4985,-0.2733,3.0,0.1597,0.0,False,41.8
GD,General Dynamics Corporation,STOCK,Equities - US,equities,US,Industrie,0.1962111499921216,1224284.4335106383,350.6499938964844,429295329.1380662,0.8846,-0.2255,3.0,0.1936,0.0,False,49.1
NOVO-B.CO,Novo Nordisk B A/S,STOCK,Equities - World,equities,Global,Santé,0.4390334987429513,4360820.612299466,235.3000030517578,1026101103.3822327,-0.5458,-0.7675,3.0,-0.2196,0.0,False,28.4
PANW,"Palo Alto Networks, Inc.",STOCK,Equities - US,equities,US,Technologie,0.3907346082851258,7671346.219414894,164.72000122070312,1263624158.6264575,0.4463,-0.3601,3.0,0.1944,0.0,False,43.0
SCHD,Schwab US Dividend Equity ETF,STOCK,Equities - US,equities,US,Multi-secteur,0.13248221380640143,13393830.579787234,30.70709991455078,411285693.8520922,0.8568,-0.1612,3.0,0.1335,0.0,False,49.9
EA,Electronic Arts Inc.,STOCK,Equities - US,equities,US,Communication,0.23442631870543237,2502761.5478723403,200.9550018310547,502942451.4353794,0.8031,-0.3054,3.0,0.2083,0.0,False,46.7
DG,Dollar General Corporation,STOCK,Equities - US,equities,US,Consommation Défensive,0.4024838435306175,3384821.057180851,125.54499816894531,424947353.4259775,-0.375,-0.6809,3.0,-0.1309,0.0,False,28.1
FTNT,"Fortinet, Inc.",STOCK,Equities - US,equities,US,Technologie,0.3994582585523873,5708220.505319149,82.58999633789062,471441910.6301807,0.1841,-0.3832,3.0,0.0935,0.0,False,36.8
HPE,Hewlett Packard Enterprise Comp,STOCK,Equities - US,equities,US,Technologie,0.3890988299485749,16870514.76994681,22.19499969482422,374441070.17049694,0.4349,-0.4836,3.0,0.1892,0.0,False,37.6
VOLV-B.ST,"Volvo, AB ser. B",STOCK,Equities - World,equities,Global,Industrie,0.2415413706173919,3218074.688,297.29998779296875,956733565.4592618,0.8056,-0.2845,3.0,0.2146,0.0,False,48.6
HUBB,Hubbell Inc,STOCK,Equities - US,equities,US,Industrie,0.3018966742260149,510871.7659574468,492.8800048828125,251798478.49959743,0.9447,-0.3265,3.0,0.3052,0.0,False,46.6
HWM,Howmet Aerospace Inc.,STOCK,Equities - US,equities,US,Industrie,0.3127816267092416,2713390.251329787,239.72999572753906,650481033.358436,2.5732,-0.1941,3.0,0.8248,0.0,False,73.1
ERIE,Erie Indemnity Company,STOCK,Equities - US,equities,US,Finance,0.30278384977762285,147258.56515957447,244.67999267578125,36031224.64469074,0.0909,-0.5487,3.0,0.0475,0.0,False,26.3
ACA.PA,CREDIT AGRICOLE,STOCK,Equities - Europe,equities,Europe,Finance,0.1949398522347161,5137433.435294118,16.18000030517578,83123674.55087909,1.2121,-0.1618,3.0,0.2563,0.0,False,50.9
ERIC-B.ST,"Ericsson, Telefonab. L M ser. B",STOCK,Equities - World,equities,Global,Technologie,0.2884019780685911,7389374.98,105.1500015258789,776992790.4222915,0.9298,-0.294,3.0,0.2882,0.0,False,49.6
IWDA.AS,iShares Core MSCI World UCITS E,STOCK,Equities - Europe,equities,Europe,Multi-secteur,0.1295641991559555,133720.6282722513,109.18499755859375,14600286.471439382,1.044,-0.2159,3.0,0.1553,0.0,False,63.6
CS.PA,AXA,STOCK,Equities - Europe,equities,Europe,Finance,0.18924513422843722,3760013.568627451,37.869998931884766,142391709.8277938,0.8456,-0.1369,3.0,0.18,0.0,False,47.8
TIP,iShares TIPS Bond ETF,STOCK,Fixed Income,bonds,Global,Obligations,0.04930024059965683,2576878.720744681,110.25499725341797,284113756.278096,0.1999,-0.0631,3.0,0.0299,0.0,False,42.2
IBKR,"Interactive Brokers Group, Inc.",STOCK,Equities - US,equities,US,Finance,0.35054616903724195,4928540.385638298,68.49500274658203,337580387.2509357,1.4305,-0.3866,3.0,0.5215,0.0,False,52.6
HSBA.L,HSBC HOLDINGS PLC ORD $0.50 (UK,STOCK,Equities - Europe,equities,Europe,Finance,0.22830206055478933,28188340.01187335,1183.0,33346806234.046173,1.1929,-0.2431,3.0,0.2923,0.0,False,62.8
CMG,"Chipotle Mexican Grill, Inc.",STOCK,Equities - US,equities,US,Consommation Cyclique,0.3262337981141889,14641421.76462766,33.82500076293945,495246102.3590489,-0.0248,-0.5651,3.0,0.0119,0.0,False,30.8
EQIX,"Equinix, Inc.",STOCK,Equities - US,equities,US,Immobilier,0.2591438589498298,522872.72473404254,964.219970703125,504164323.32452166,0.5248,-0.2459,3.0,0.156,0.0,False,44.2
T,AT&T Inc.,STOCK,Equities - US,equities,US,Communication,0.23716810088429424,38752952.07579787,28.665000915527344,1110853406.7321332,0.8656,-0.3141,3.0,0.2253,0.0,False,49.2
ACWI,iShares MSCI ACWI ETF,STOCK,Equities - US,equities,US,Multi-secteur,0.13998771304069368,3344847.2712765955,139.27000427246094,465836893.7614208,1.1998,-0.1655,3.0,0.188,0.0,False,74.6
COR,"Cencora, Inc.",STOCK,Equities - US,equities,US,Santé,0.20178562253932708,1432085.1409574468,323.8800048828125,463823742.4459011,1.4026,-0.1343,3.0,0.303,0.0,False,58.0
INGA.AS,ING GROEP N.V.,STOCK,Equities - Europe,equities,Europe,Finance,0.22503959082655872,9752643.51895425,22.09000015258789,215435896.82183465,1.4997,-0.1998,3.0,0.3575,0.0,False,56.2
AFL,AFLAC Incorporated,STOCK,Equities - US,equities,US,Finance,0.19823730389028665,2249024.910904255,107.0,240645665.4667553,1.0282,-0.1356,3.0,0.2238,0.0,False,51.4
ESGV,Vanguard ESG U.S. Stock ETF,STOCK,ESG / Sustainable,equities,Global,Multi-secteur,0.15917675431158063,220437.78324468085,113.84500122070312,25095739.70257978,1.1093,-0.2041,3.0,0.1966,0.0,True,66.0
IE00B4L5Y983,ISHARES III PLC ISHRS CORE MSCI,STOCK,Equities - US,equities,US,Autre,0.1326810259959267,419114.62928759895,126.5199966430664,53026381.49052704,1.2102,-0.1694,3.0,0.1806,0.0,False,49.7
DHL.DE,DEUTSCHE POST AG              N,STOCK,Equities - Europe,equities,Europe,Industrie,0.2451486642323329,2257075.9007936507,44.54999923706055,100552729.65834488,0.114,-0.2704,3.0,0.0479,0.0,False,34.6
EG,"Everest Group, Ltd.",STOCK,Equities - US,equities,US,Finance,0.2438393448316527,368435.40026595746,326.135009765625,120159682.86374,-0.076,-0.2384,3.0,0.0015,0.0,False,34.1
FOXA,Fox Corporation,STOCK,Equities - US,equities,US,Communication,0.2534376388653439,3614580.2300531915,57.5099983215332,207874502.96340615,0.7567,-0.2889,3.0,0.2118,0.0,False,44.4
MU,"Micron Technology, Inc.",STOCK,Equities - US,equities,US,Technologie,0.5386339676267888,22113799.800531916,405.6000061035156,8969357334.067667,1.6196,-0.5763,3.0,0.8924,0.0,False,58.8
ABBN.SW,ABB LTD N,STOCK,Equities - Europe,equities,Europe,Industrie,0.24084001464154672,2870766.8437917223,64.77999877929688,185968272.63647372,1.2508,-0.261,3.0,0.3212,0.0,False,51.3
HLT,Hilton Worldwide Holdings Inc.,STOCK,Equities - US,equities,US,Consommation Cyclique,0.22565227901422807,1724173.835106383,304.7200012207031,525390253.13832146,1.3083,-0.2635,3.0,0.3152,0.0,False,54.4
CDNS,"Cadence Design Systems, Inc.",STOCK,Equities - US,equities,US,Technologie,0.35194156808627747,1819076.4707446808,296.8399963378906,539974652.9141941,0.308,-0.2905,3.0,0.1284,0.0,False,40.6
JD,"JD.com, Inc.",STOCK,Equities - US,equities,US,Consommation Cyclique,0.4567823613432026,12874158.476063829,27.604999542236328,355391138.8384199,-0.2534,-0.5099,3.0,-0.0958,0.0,False,31.1
ITW,Illinois Tool Works Inc.,STOCK,Equities - US,equities,US,Industrie,0.19833722772549628,1089508.694148936,263.4599914550781,287041951.25071204,0.2487,-0.2063,3.0,0.0693,0.0,False,40.0
DIA,State Street SPDR Dow Jones Ind,STOCK,Equities - US,equities,US,Multi-secteur,0.13317674675764393,3944956.135638298,464.0400085449219,1830617478.8909378,0.9841,-0.1595,3.0,0.1511,0.0,False,55.0
ANET,"Arista Networks, Inc.",STOCK,Equities - US,equities,US,Technologie,0.4957778834176769,9440885.304521276,136.17999267578125,1285659691.6225982,0.926,-0.5042,3.0,0.4791,0.0,False,46.5
FEZ,State Street SPDR EURO STOXX 50,STOCK,Equities - US,equities,US,Multi-secteur (Europe),0.1734576280594192,1622195.2114361702,61.93000030517578,100462549.93929671,0.8111,-0.1585,3.0,0.1607,0.0,False,46.1
AXON,"Axon Enterprise, Inc.",STOCK,Equities - US,equities,US,Industrie,0.4752790029876449,706600.4414893617,507.6549987792969,358709246.2617325,0.6568,-0.5411,3.0,0.3321,0.0,False,39.3
AEE,Ameren Corporation,STOCK,Equities - US,equities,US,Services Publics,0.1853900780021991,1618582.8257978724,107.30999755859375,173690119.08475146,0.6231,-0.2338,3.0,0.1355,0.0,False,43.3
AJG,Arthur J. Gallagher & Co.,STOCK,Equities - US,equities,US,Finance,0.22063681444026095,1261870.4694148935,216.61500549316406,273340078.6639687,0.2054,-0.4088,3.0,0.0653,0.0,False,35.3
ADBE,Adobe Inc.,STOCK,Equities - US,equities,US,Technologie,0.3337259749184961,3662100.484042553,248.24600219726562,909101804.8082352,-0.4326,-0.6125,3.0,-0.1244,0.0,False,31.2
GSK,GSK plc,STOCK,Equities - US,equities,US,Santé,0.24103524298935328,4292328.22606383,52.21500015258789,224123918.9788802,0.6944,-0.2846,3.0,0.1874,0.0,False,43.8
ADI,"Analog Devices, Inc.",STOCK,Equities - US,equities,US,Technologie,0.3301186928733589,3501473.424202128,314.42498779296875,1100950738.6621585,0.5612,-0.322,3.0,0.2053,0.0,False,45.0
C,"Citigroup, Inc.",STOCK,Equities - US,equities,US,Finance,0.2821392597707881,15153986.920212766,112.27999877929688,1701489632.90297,1.4303,-0.3131,3.0,0.4235,0.0,False,57.7
CNC,Centene Corporation,STOCK,Equities - US,equities,US,Santé,0.43042938555226906,5815639.618351064,32.880001068115234,191218236.86315626,-0.4972,-0.6865,3.0,-0.194,0.0,False,26.2
BP,BP p.l.c.,STOCK,Equities - US,equities,US,Énergie,0.2538671822215153,9083100.115691489,43.44499969482422,394615281.75427455,0.3897,-0.3064,3.0,0.1189,0.0,False,40.6
HDB,HDFC Bank Limited,STOCK,Equities - US,equities,US,Finance,0.24347141289350166,5079985.4375,25.389999389648438,128980827.15754795,-0.3197,-0.3487,3.0,-0.0578,0.0,False,32.0
SAP,SAP  SE,STOCK,Equities - US,equities,US,Technologie,0.27190702116051263,1200349.550531915,179.5449981689453,215516757.852347,0.4684,-0.4364,3.0,0.1474,0.0,False,37.7
IDXX,"IDEXX Laboratories, Inc.",STOCK,Equities - US,equities,US,Santé,0.3446067991755038,541056.8364361703,583.4000244140625,315652571.58625716,0.1407,-0.3741,3.0,0.0685,0.0,False,35.5
LIN,Linde plc,STOCK,Equities - US,equities,US,Matières Premières,0.17039660426568387,1947281.5997340425,479.17999267578125,933098382.6982421,0.6753,-0.1918,3.0,0.1351,0.0,False,48.7
VUG,Vanguard Growth ETF,STOCK,Equities - US,equities,US,Multi-secteur,0.19141875946884465,1122884.2340425532,447.70001220703125,502715285.287934,1.1367,-0.2285,3.0,0.2376,0.0,False,52.7
VOO,Vanguard S&P 500 ETF,STOCK,Equities - US,equities,US,Multi-secteur,0.14641074091078468,6195210.031914894,606.8499755859375,3759563056.617308,1.2626,-0.1869,3.0,0.2049,0.0,False,79.8
CB,Chubb Limited,STOCK,Equities - US,equities,US,Finance,0.18749309640836764,1725835.5026595744,327.9849853515625,566048132.059007,1.0863,-0.1435,3.0,0.2237,0.0,False,54.0
ETR,Entergy Corporation,STOCK,Equities - US,equities,US,Services Publics,0.21764704497172163,3125677.7938829786,102.58000183105469,320632033.81980294,1.3659,-0.1823,3.0,0.3173,0.0,False,55.7
DD,"DuPont de Nemours, Inc.",STOCK,Equities - US,equities,US,Matières Premières,0.2930152628400649,6409646.466755319,44.404998779296875,284620343.53199446,0.5536,-0.3784,3.0,0.1822,0.0,False,40.6
XLP,State Street Consumer Staples S,STOCK,Sector,equities,Global,Consommation Défensive,0.11975670655199437,13041173.375,81.66000366210938,1064942265.5607033,0.428,-0.1337,3.0,0.0713,0.0,False,46.9
FDX,FedEx Corporation,STOCK,Equities - US,equities,US,Industrie,0.2946742134353444,1920081.5093085107,361.5,694109465.6150266,0.6515,-0.3585,3.0,0.212,0.0,False,44.4
PTPXE.PA,Amundi PEA Japon (TOPIX) UCITS ,STOCK,Equities - Europe,equities,Europe,Autre,0.16508662752992492,7499.903267973857,33.50400161743164,251276.77122077695,0.7233,-0.1554,3.0,0.1394,0.0,False,31.3
HPQ,HP Inc.,STOCK,Equities - US,equities,US,Technologie,0.3248726046043425,9193110.057180852,18.489999771118164,169980602.85313803,-0.3424,-0.5123,3.0,-0.0912,0.0,False,29.4
XLRE,State Street Real Estate Select,STOCK,Sector,equities,Global,Immobilier,0.17095296764274748,6378200.462765957,41.025001525878906,261665683.71733496,0.429,-0.1674,3.0,0.0933,0.0,False,43.0
LIT,Global X Lithium & Battery Tech,STOCK,Equities - US,equities,US,Technologie,0.3088896904604554,381047.6050531915,69.63249969482422,26533297.242579855,0.1168,-0.5301,3.0,0.0561,0.0,False,26.4
EQT,EQT Corporation,STOCK,Equities - US,equities,US,Énergie,0.3464853969871955,7341207.617021277,66.01000213623047,484593130.4820859,0.892,-0.3162,3.0,0.3291,0.0,False,47.6
APO,"Apollo Global Management, Inc. ",STOCK,Equities - US,equities,US,Finance,0.35657326309431076,3266356.525265957,112.26000213623047,366681190.5040467,0.7038,-0.4282,3.0,0.271,0.0,False,42.2
EVRG,"Evergy, Inc.",STOCK,Equities - US,equities,US,Services Publics,0.17649003102712008,2056590.5877659575,80.01000213623047,164547817.32050574,0.8383,-0.2293,3.0,0.168,0.0,False,46.2
IP,International Paper Company,STOCK,Equities - US,equities,US,Consommation Cyclique,0.3387655469158024,4936730.081117021,35.86000061035156,177031143.7219973,0.1294,-0.4094,3.0,0.0638,0.0,False,33.3
KVUE,Kenvue Inc.,STOCK,Equities - US,equities,US,Consommation Défensive,0.2914059413987817,23661541.964038726,17.75,419992369.86168736,-0.4154,-0.4408,2.9,-0.1011,0.0,False,32.8
GPC,Genuine Parts Company,STOCK,Equities - US,equities,US,Consommation Cyclique,0.2889589133232008,1157952.9095744682,101.54000091552734,117578539.49832904,-0.4304,-0.3933,3.0,-0.1044,0.0,False,30.9
SHEL,Shell PLC,STOCK,Equities - US,equities,US,Énergie,0.2073026486093046,4622853.039893617,90.33999633789062,417628526.6945959,0.9765,-0.1847,3.0,0.2224,0.0,False,51.0
SNPS,"Synopsys, Inc.",STOCK,Equities - US,equities,US,Technologie,0.427895467225967,1383100.8231382978,437.69000244140625,605369402.6561126,0.0679,-0.4053,3.0,0.0491,0.0,False,35.4
CEG,Constellation Energy Corporatio,STOCK,Equities - US,equities,US,Services Publics,0.5118302300729327,2854758.736702128,291.510009765625,832190747.2145406,1.1321,-0.507,3.0,0.5995,0.0,False,48.2
DLR,"Digital Realty Trust, Inc.",STOCK,Equities - US,equities,US,Immobilier,0.27757040246189,2072899.6156914893,177.5319061279297,368005819.985563,0.9408,-0.294,3.0,0.2811,0.0,False,48.1
EL,"Estee Lauder Companies, Inc. (T",STOCK,Equities - US,equities,US,Consommation Défensive,0.4676126809892058,3450305.3537234045,90.06999969482422,310769002.1569174,-0.6098,-0.7985,3.0,-0.2651,0.0,False,25.1
BXP,"BXP, Inc.",STOCK,Equities - US,equities,US,Immobilier,0.34616194833450925,1583859.8364361702,53.970001220703125,85480917.30588275,0.2513,-0.3834,3.0,0.107,0.0,False,33.8
INTC,Intel Corporation,STOCK,Equities - US,equities,US,Technologie,0.5537379755980254,72378913.2712766,44.224998474121094,3200957328.98075,0.2545,-0.638,3.0,0.1609,0.0,False,37.0
BNP.PA,BNP PARIBAS ACT.A,STOCK,Equities - Europe,equities,Europe,Finance,0.2516594437271481,2838276.648366013,83.3499984741211,236570354.31044072,0.9114,-0.2182,3.0,0.2494,0.0,False,68.2
ELV,"Elevance Health, Inc.",STOCK,Equities - US,equities,US,Santé,0.3036442610533896,1493529.6675531915,290.3699951171875,433676202.2747949,-0.4612,-0.5038,3.0,-0.12,0.0,False,31.7
PSP5.PA,Amundi PEA S&P 500 UCITS ETF Ac,STOCK,Equities - Europe,equities,Europe,Multi-secteur (Europe),0.13981512496739568,42387.31503267974,49.770999908447266,2109659.0526108285,1.053,-0.232,3.0,0.1672,0.0,False,59.0
CRM,"Salesforce, Inc.",STOCK,Equities - US,equities,US,Technologie,0.32788329533948735,7106981.89893617,195.07000732421875,1386359011.0785687,-0.0074,-0.512,3.0,0.0176,0.0,False,34.2
HSIC,"Henry Schein, Inc.",STOCK,Equities - US,equities,US,Santé,0.2601314437743065,1364179.9162234042,73.78009796142578,100649327.85597238,-0.15,-0.2738,3.0,-0.019,0.0,False,33.0
UBSG.SW,UBS GROUP N,STOCK,Equities - Europe,equities,Europe,Finance,0.2661216142560943,6665280.751668892,29.40999984741211,196025905.88954097,0.7557,-0.3231,3.0,0.2211,0.0,False,43.6
ANX.PA,Amundi Nasdaq-100 Swap UCITS ET,STOCK,Equities - Europe,equities,Europe,Multi-secteur (Europe),0.1803844911701376,3938.5150326797384,238.8000030517578,940517.4018233155,1.0623,-0.2673,3.0,0.2116,0.0,False,56.6
ALV.DE,Allianz SE                    v,STOCK,Equities - Europe,equities,Europe,Finance,0.17627498012287776,692668.6189224705,349.70001220703125,242226224.4926154,1.3016,-0.1235,3.0,0.2494,0.0,False,55.3
RWE.DE,RWE AG                        I,STOCK,Equities - Europe,equities,Europe,Services Publics,0.23231124889929772,2057424.1563731933,54.939998626708984,113034880.32570113,0.5704,-0.3173,3.0,0.1525,0.0,False,40.0
DGE.L,DIAGEO PLC ORD 28 101/108P,STOCK,Equities - Europe,equities,Europe,Consommation Défensive,0.24396569583637528,4337426.495376486,1378.5,5979142423.876487,-1.192,-0.6347,3.0,-0.2708,0.0,False,35.1
AMCR,Amcor plc,STOCK,Equities - US,equities,US,Consommation Cyclique,0.2441652871321529,3306704.598404255,39.48500061035156,130565233.08624433,-0.3329,-0.2907,3.0,-0.0613,0.0,False,33.2
HO.PA,THALES,STOCK,Equities - Europe,equities,Europe,Industrie,0.28375931789308234,261515.22875816992,239.10000610351562,62528292.79224072,0.7292,-0.2055,3.0,0.2269,0.0,False,43.0
AAPL,Apple Inc.,STOCK,Equities - US,equities,US,Technologie,0.256941213247627,55213531.01728723,251.50010681152344,13886208948.2891,0.5912,-0.3336,3.0,0.1719,0.0,False,70.9
FIS,Fidelity National Information S,STOCK,Equities - US,equities,US,Technologie,0.2675720918690141,4142117.462765957,50.58000183105469,209508308.8511457,0.0389,-0.4715,3.0,0.0304,0.0,False,31.2
A,"Agilent Technologies, Inc.",STOCK,Equities - US,equities,US,Santé,0.28164768608508667,1896192.4680851065,112.23500061035156,212819162.81287596,-0.2263,-0.3532,3.0,-0.0437,0.0,False,33.1
TTE.PA,TOTALENERGIES,STOCK,Equities - Europe,equities,Europe,Énergie,0.20785839610337245,4181587.416993464,76.0,317800643.6915032,0.7706,-0.2672,3.0,0.1802,0.0,False,66.0
GDDY,GoDaddy Inc.,STOCK,Equities - US,equities,US,Technologie,0.30517618767949634,1559562.0651595744,84.83000183105469,132297652.84313013,0.091,-0.6309,3.0,0.0478,0.0,False,27.7
TECH,Bio-Techne Corp,STOCK,Equities - US,equities,US,Santé,0.3830974216287512,1467473.425531915,52.41999816894531,76924954.27935888,-0.3032,-0.4732,3.0,-0.0961,0.0,False,28.4
ITX.MC,INDUSTRIA DE DISE...O TEXTIL S.,STOCK,Equities - Europe,equities,Europe,Consommation Cyclique,0.2229255568347167,2492312.2352941176,50.099998474121094,124864839.18526863,0.9412,-0.2523,3.0,0.2298,0.0,False,46.4
ICE,Intercontinental Exchange Inc.,STOCK,Equities - US,equities,US,Finance,0.1875638623944601,2855979.9680851065,158.4600067138672,452558604.9174362,0.9369,-0.2253,3.0,0.1957,0.0,False,49.9
TXN,Texas Instruments Incorporated,STOCK,Equities - US,equities,US,Technologie,0.3216457940281253,6183282.957446809,190.77999877929688,1179646715.0737493,0.0948,-0.3341,3.0,0.0505,0.0,False,38.7
ALGN,"Align Technology, Inc.",STOCK,Equities - US,equities,US,Santé,0.4681329833900573,1000662.4109042553,179.49000549316406,179608901.6300076,-0.403,-0.6759,3.0,-0.1687,0.0,False,26.3
MRK,"Merck & Company, Inc.",STOCK,Equities - US,equities,US,Santé,0.23977474807461763,10780600.849734042,115.80000305175781,1248393611.298985,0.2014,-0.4344,3.0,0.0683,0.0,False,38.2
DSY.PA,DASSAULT SYSTEMES,STOCK,Equities - Europe,equities,Europe,Technologie,0.293143152185593,1601991.7098039216,17.0049991607666,27241867.68077074,-0.8399,-0.666,3.0,-0.2262,0.0,False,22.1
KRE,State Street SPDR S&P Regional ,STOCK,Equities - US,equities,US,Finance,0.30212722634097927,16325800.941489361,64.41999816894531,1051708066.7573103,0.5425,-0.282,3.0,0.1839,0.0,False,45.4
FE,FirstEnergy Corp.,STOCK,Equities - US,equities,US,Services Publics,0.18247730354755462,3829531.6901595746,49.0099983215332,187685341.70697898,0.6474,-0.2048,3.0,0.1381,0.0,False,44.4
NFLX,"Netflix, Inc.",STOCK,Equities - US,equities,US,Communication,0.33827782273258633,44787982.48670213,93.56500244140625,4190587690.713945,1.2183,-0.4335,3.0,0.4321,0.0,False,54.5
MCHI,iShares MSCI China ETF,STOCK,Equities - Emerging Markets,equities,Emerging,Multi-secteur (Émergents),0.2739545151520106,3586636.328457447,55.68000030517578,199703911.86306518,0.1878,-0.2601,3.0,0.0715,0.0,False,37.3
APP,Applovin Corporation,STOCK,Equities - US,equities,US,Communication,0.7583784832776456,4943033.635638298,459.0150146484375,2268926656.6702323,2.8824,-0.57,3.0,2.206,0.0,False,72.6
ECL,Ecolab Inc.,STOCK,Equities - US,equities,US,Matières Premières,0.19340448728530168,1184179.732712766,262.4800109863281,310823509.2522339,0.9329,-0.1726,3.0,0.2004,0.0,False,50.0
BX,Blackstone Inc.,STOCK,Equities - US,equities,US,Finance,0.3421326461310882,4332598.785904256,110.4749984741211,478643844.26175153,0.3182,-0.465,3.0,0.1289,0.0,False,37.0
DRI,"Darden Restaurants, Inc.",STOCK,Equities - US,equities,US,Consommation Cyclique,0.24624672717136367,1285538.0013297873,201.1699981689453,258611677.37362292,0.4824,-0.2392,3.0,0.1388,0.0,False,42.3
CBRE,CBRE Group Inc,STOCK,Equities - US,equities,US,Immobilier,0.29579213315261793,1752388.8909574468,137.0,240077278.06117022,0.8078,-0.2604,3.0,0.259,0.0,False,46.0
TAN,Invesco Solar ETF,STOCK,Equities - US,equities,US,Énergie,0.37820135474219596,1015230.4627659575,55.400001525878906,56243769.18635279,-0.288,-0.666,3.0,-0.0889,0.0,False,23.8
EXE,Expand Energy Corporation,STOCK,Equities - US,equities,US,Énergie,0.28346397436033466,2598224.9414893617,108.28500366210938,281348797.30415946,0.5541,-0.2332,3.0,0.1771,0.0,False,43.5
ADP,"Automatic Data Processing, Inc.",STOCK,Equities - US,equities,US,Technologie,0.19414603255421362,1861816.3617021276,211.36000061035156,393513507.3457242,-0.0018,-0.3601,3.0,0.0196,0.0,False,34.4
APH,Amphenol Corporation,STOCK,Equities - US,equities,US,Technologie,0.31856311689204525,7092027.325797873,131.02000427246094,929197450.5264469,1.5389,-0.2458,3.0,0.5102,0.0,False,59.1
DUK,Duke Energy Corporation (Holdin,STOCK,Equities - US,equities,US,Services Publics,0.16827211599246666,3305779.3324468085,127.88500213623047,422759596.99186665,0.8512,-0.1248,3.0,0.1632,0.0,False,50.6
INTU,Intuit Inc.,STOCK,Equities - US,equities,US,Technologie,0.31193358783132497,1762547.232712766,458.92498779296875,808876967.257237,0.0218,-0.5541,3.0,0.0268,0.0,False,32.4
HAS,"Hasbro, Inc.",STOCK,Equities - US,equities,US,Consommation Cyclique,0.3286907239396006,1777522.636968085,94.12999725341797,167318200.93569413,0.8639,-0.4027,3.0,0.304,0.0,False,43.1
AON,Aon plc,STOCK,Equities - US,equities,US,Finance,0.21319171713346355,1132031.1542553192,326.4849853515625,369591174.81456023,0.0577,-0.2395,3.0,0.0323,0.0,False,37.4
CSGP,"CoStar Group, Inc.",STOCK,Equities - US,equities,US,Immobilier,0.326668123391794,3004391.220744681,42.89500045776367,128873362.78914425,-0.4708,-0.5619,3.0,-0.1338,0.0,False,27.8
CHD,"Church & Dwight Company, Inc.",STOCK,Equities - US,equities,US,Consommation Défensive,0.19600268387373754,1731047.682180851,95.44000244140625,165211195.01353106,0.1777,-0.2728,3.0,0.0548,0.0,False,36.5
BEN,"Franklin Resources, Inc.",STOCK,Equities - US,equities,US,Finance,0.29448127234798543,3999288.784574468,24.174999237060547,96682803.31587256,0.0237,-0.4001,3.0,0.027,0.0,False,30.7
DSI,iShares ESG MSCI KLD 400 ETF,STOCK,ESG / Sustainable,equities,Global,Multi-secteur,0.15725316876001463,124840.32845744681,122.62000274658203,15307921.418336332,1.0947,-0.2058,3.0,0.1921,0.0,True,44.6
CME,CME Group Inc.,STOCK,Equities - US,equities,US,Finance,0.1763487568379613,1929164.7579787234,306.0400085449219,590401599.0163707,1.2903,-0.1165,3.0,0.2475,0.0,False,57.4
CCL,Carnival Corporation,STOCK,Equities - US,equities,US,Consommation Cyclique,0.4700390550967694,27745593.043882977,25.860000610351562,717501053.0493798,0.8404,-0.4285,3.0,0.415,0.0,False,45.6
XLV,State Street Health Care Select,STOCK,Sector,equities,Global,Santé,0.13661249829023345,9823641.835106382,145.36000061035156,1427964583.1469388,0.3408,-0.1711,3.0,0.0666,0.0,False,45.6
CMI,Cummins Inc.,STOCK,Equities - US,equities,US,Industrie,0.27920535904614363,1049209.9694148935,548.9500122070312,575963825.5180447,1.2793,-0.3048,3.0,0.3772,0.0,False,53.4
EFX,"Equifax, Inc.",STOCK,Equities - US,equities,US,Industrie,0.3242032253547678,1023458.8603723404,181.8699951171875,186136457.93855983,-0.1148,-0.4239,3.0,-0.0172,0.0,False,31.4
DVA,DaVita Inc.,STOCK,Equities - US,equities,US,Santé,0.34814338714376863,867573.9787234042,152.0050048828125,131875586.87205213,0.7059,-0.4143,3.0,0.2657,0.0,False,40.2
SCHW,Charles Schwab Corporation (The,STOCK,Equities - US,equities,US,Finance,0.2828120204055404,10147914.757978724,95.875,972931327.4212102,0.7732,-0.2711,3.0,0.2387,0.0,False,48.5
NOW,"ServiceNow, Inc.",STOCK,Equities - US,equities,US,Technologie,0.36535021413693264,7964715.158244681,111.23999786376953,885994897.1886711,0.1678,-0.5703,3.0,0.0813,0.0,False,34.3
ABT,Abbott Laboratories,STOCK,Equities - US,equities,US,Santé,0.20858427085504155,6230243.042553191,104.42500305175781,650593148.7318099,0.1213,-0.2413,3.0,0.0453,0.0,False,39.5
PG,Procter & Gamble Company (The),STOCK,Equities - US,equities,US,Consommation Défensive,0.16811732501526672,7433184.867021277,144.34500122070312,1072943078.7038982,0.0435,-0.2115,3.0,0.0273,0.0,False,60.2
XLB,State Street Materials Select S,STOCK,Sector,equities,Global,Matières Premières,0.1690029576008729,11648618.087765958,47.79499816894531,556745680.1755172,0.4664,-0.2317,3.0,0.0988,0.0,False,43.9
JPM,JP Morgan Chase & Co.,STOCK,Equities - US,equities,US,Finance,0.22912774292457697,9557198.269946808,292.0299987792969,2790988599.1060643,1.4589,-0.2442,3.0,0.3543,0.0,False,80.6
GLW,Corning Incorporated,STOCK,Equities - US,equities,US,Technologie,0.33911615435181414,5813340.222074468,132.1649932861328,768320071.4204779,1.8258,-0.2757,3.0,0.6392,0.0,False,61.9
RI.PA,PERNOD RICARD,STOCK,Equities - Europe,equities,Europe,Consommation Défensive,0.24879177561237673,520997.47581699345,63.63999938964844,33156279.043001838,-1.2605,-0.6695,3.0,-0.2936,0.0,False,22.5
AWK,"American Water Works Company, I",STOCK,Equities - US,equities,US,Services Publics,0.22130248729007387,1292195.9215425532,136.83999633789062,176824085.17172018,0.0168,-0.2372,3.0,0.0237,0.0,False,35.2
NESTE.HE,Neste Corporation,STOCK,Equities - Europe,equities,Europe,Énergie,0.4119043074467054,1649929.9560585886,27.469999313354492,45323574.76001243,-0.3113,-0.829,3.0,-0.1082,0.0,False,20.0
URTH,iShares MSCI World ETF,STOCK,Equities - US,equities,US,Multi-secteur,0.14047920128550312,285131.20611702127,181.22000122070312,51671477.52058715,1.2128,-0.1694,3.0,0.1904,0.0,False,69.7
SGO.PA,SAINT GOBAIN,STOCK,Equities - Europe,equities,Europe,Industrie,0.27652129529880515,1052429.2,70.81999969482422,74533035.62282409,0.4274,-0.3429,3.0,0.1382,0.0,False,36.6
ES,Eversource Energy (D/B/A),STOCK,Equities - US,equities,US,Services Publics,0.25022035112359087,2496145.0664893617,68.16999816894531,170162204.61200166,0.0053,-0.338,3.0,0.0213,0.0,False,33.0
IBM,International Business Machines,STOCK,Equities - US,equities,US,Technologie,0.2671459466137816,4528641.364361702,248.08999633789062,1123510619.5001147,1.0786,-0.2869,3.0,0.3081,0.0,False,52.6
SU.PA,SCHNEIDER ELECTRIC SE,STOCK,Equities - Europe,equities,Europe,Industrie,0.28084161296335935,842674.2248366013,243.3000030517578,205022641.47438276,0.618,-0.3134,3.0,0.1936,0.0,False,42.1
GRMN,Garmin Ltd.,STOCK,Equities - US,equities,US,Technologie,0.3163367496310038,866773.0864361703,239.30499267578125,207423127.10117203,1.1651,-0.2797,3.0,0.3886,0.0,False,50.0
AVY,Avery Dennison Corporation,STOCK,Equities - US,equities,US,Consommation Cyclique,0.21629740155578941,582079.1635638297,165.16000366210938,96136196.78583968,-0.0478,-0.2972,3.0,0.0097,0.0,False,32.4
CARR,Carrier Global Corporation,STOCK,Equities - US,equities,US,Industrie,0.30869384530394633,5204714.0,59.25,308379304.5,0.3174,-0.381,3.0,0.118,0.0,False,37.6
PRX.AS,PROSUS,STOCK,Equities - Europe,equities,Europe,Consommation Cyclique,0.3119249136140725,3063100.6666666665,40.01499938964844,122569971.30709839,0.1624,-0.3565,3.0,0.0707,0.0,False,33.9
BAC,Bank of America Corporation,STOCK,Equities - US,equities,US,Finance,0.2522743876958613,41196564.21542553,47.994998931884766,1977229055.5166705,0.8924,-0.2751,3.0,0.2451,0.0,False,71.7
RIO.L,RIO TINTO PLC ORD 10P,STOCK,Equities - Europe,equities,Europe,Matières Premières,0.23637503596715878,3125494.0634081904,6375.0,19925024654.227215,0.1899,-0.3004,3.0,0.0649,0.0,False,47.1
F,Ford Motor Company,STOCK,Equities - US,equities,US,Consommation Cyclique,0.34232566507240686,67664089.42287233,11.921899795532227,806684493.8554159,0.1773,-0.3651,3.0,0.0807,0.0,False,38.3
MO,"Altria Group, Inc.",STOCK,Equities - US,equities,US,Consommation Défensive,0.18737974009251238,9000784.319148935,64.80000305175781,583250851.3490648,1.1198,-0.164,3.0,0.2298,0.0,False,54.1
FRT,Federal Realty Investment Trust,STOCK,Equities - US,equities,US,Immobilier,0.21175556703328371,659385.2632978724,105.54000091552734,69591521.29214269,0.346,-0.2738,3.0,0.0933,0.0,False,36.7
HAL,Halliburton Company,STOCK,Equities - US,equities,US,Énergie,0.3559004394083339,10316345.061170213,37.54999923706055,387378749.17619485,0.2542,-0.5401,3.0,0.1105,0.0,False,34.1
ATO,Atmos Energy Corporation,STOCK,Equities - US,equities,US,Services Publics,0.16458166290480297,955846.4800531915,181.97999572753906,173944938.35626304,1.2552,-0.1687,3.0,0.2266,0.0,False,53.1
BMY,Bristol-Myers Squibb Company,STOCK,Equities - US,equities,US,Santé,0.263429929039029,13186470.372340426,57.560001373291016,759013252.7407762,-0.0948,-0.4094,3.0,-0.005,0.0,False,34.9
LQD,iShares iBoxx $ Investment Grad,STOCK,Fixed Income,bonds,Global,Obligations,0.07560291404899394,26684298.95744681,108.62000274658203,2898448626.0484886,0.3064,-0.0914,3.0,0.0432,0.0,False,68.4
CRH,CRH PLC,STOCK,Equities - US,equities,US,Matières Premières,0.2944637997349176,4591656.361702127,104.58999633789062,480241322.0552777,0.9734,-0.2701,3.0,0.3066,0.0,False,49.6
CRL,Charles River Laboratories Inte,STOCK,Equities - US,equities,US,Santé,0.4321485034908075,786498.1941489362,156.75999450683594,123291452.59442362,-0.2047,-0.6352,3.0,-0.0685,0.0,False,26.2
CAG,"ConAgra Brands, Inc.",STOCK,Equities - US,equities,US,Consommation Défensive,0.23679170198700453,6704174.932180851,15.550000190734863,104249921.47413212,-0.9562,-0.5389,3.0,-0.2064,0.0,False,27.8
NEE,"NextEra Energy, Inc.",STOCK,Equities - US,equities,US,Services Publics,0.2680452268719413,10716547.272606382,91.03099822998047,975537995.8041335,0.3162,-0.3677,3.0,0.1048,0.0,False,40.5
CL,Colgate-Palmolive Company,STOCK,Equities - US,equities,US,Consommation Défensive,0.18326324944570402,5041189.997340426,85.73999786376953,432231619.60282445,0.3639,-0.2905,3.0,0.0867,0.0,False,40.8
MS,Morgan Stanley,STOCK,Equities - US,equities,US,Finance,0.28100164015034634,6917472.138297873,165.60000610351562,1145533428.323027,0.9548,-0.2924,3.0,0.2883,0.0,False,50.9
FITB,Fifth Third Bancorp,STOCK,Equities - US,equities,US,Finance,0.29547941356660257,5879871.078457447,45.564998626708984,267916317.61513942,0.8394,-0.2995,3.0,0.268,0.0,False,45.9
ESGU,iShares ESG Aware MSCI USA ETF,STOCK,ESG / Sustainable,equities,Global,Multi-secteur,0.15105449961269587,728911.1117021276,143.17999267578125,104365487.6348062,1.1733,-0.1932,3.0,0.1972,0.0,True,70.3
GOOGL,Alphabet Inc.,STOCK,Equities - US,equities,US,Technologie,0.28897265383725673,31626583.675531916,302.54998779296875,9568622504.965487,1.408,-0.2981,3.0,0.4269,0.0,False,81.7
UCG.MI,UNICREDIT,STOCK,Equities - Europe,equities,Europe,Finance,0.29950580091157814,9050195.353562005,61.619998931884766,557673028.0198392,2.0429,-0.2417,3.0,0.6319,0.0,False,64.8
KDP,Keurig Dr Pepper Inc.,STOCK,Equities - US,equities,US,Consommation Défensive,0.2165506762042868,10985114.859042553,26.5049991607666,291160460.1198476,-0.3465,-0.3099,3.0,-0.055,0.0,False,34.7
DTE,DTE Energy Company,STOCK,Equities - US,equities,US,Services Publics,0.18079031545308427,1283836.1675531915,142.99000549316406,183575740.65075356,0.7565,-0.1797,3.0,0.1568,0.0,False,46.3
COIN,"Coinbase Global, Inc.",STOCK,Equities - US,equities,US,Finance,0.7897755666732331,11466615.525265958,200.57000732421875,2299859159.886594,0.5433,-0.6639,3.0,0.4491,0.0,False,39.6
MA,Mastercard Incorporated,STOCK,Equities - US,equities,US,Finance,0.19435675132089247,2696049.785904255,506.07000732421875,1364389934.8990247,0.5837,-0.1822,3.0,0.1334,0.0,False,68.5
AES,The AES Corporation,STOCK,Equities - US,equities,US,Services Publics,0.4241911721241201,10189321.561170213,14.104999542236328,143720375.9560046,-0.2763,-0.5835,3.0,-0.0972,0.0,False,27.6
DE,Deere & Company,STOCK,Equities - US,equities,US,Industrie,0.2681238279189402,1479944.4029255318,569.8599853515625,843361095.7722704,0.484,-0.2159,3.0,0.1498,0.0,False,45.4
EZU,iShares MSCI Eurozone ETF,STOCK,Equities - US,equities,US,Multi-secteur (Europe),0.16527083795079317,2292434.863031915,62.16999816894531,142520671.23712054,0.8457,-0.1502,3.0,0.1598,0.0,False,47.5
AXP,American Express Company,STOCK,Equities - US,equities,US,Finance,0.27192071515360583,2933718.5930851065,304.2449951171875,892569199.0283804,0.8393,-0.2876,3.0,0.2482,0.0,False,48.9
PFE,"Pfizer, Inc.",STOCK,Equities - US,equities,US,Santé,0.24289401195494992,41010635.283244684,26.895000457763672,1102981054.7160447,-0.3754,-0.4227,3.0,-0.0712,0.0,False,35.5
GILD,"Gilead Sciences, Inc.",STOCK,Equities - US,equities,US,Santé,0.25093221521624914,6972878.525265957,137.16000366210938,956400044.0609225,0.9009,-0.2659,3.0,0.2461,0.0,False,50.3
VNM,VanEck Vietnam ETF,STOCK,Equities - US,equities,US,Autre,0.25344640214410713,650638.4069148937,16.510000228881836,10742040.247084208,0.4741,-0.316,3.0,0.1401,0.0,False,33.3
EQR,Equity Residential,STOCK,Equities - US,equities,US,Immobilier,0.21131480920047155,1964506.0704787234,59.2400016784668,116377342.91251779,0.2171,-0.2212,3.0,0.0659,0.0,False,37.3
AMZN,"Amazon.com, Inc.",STOCK,Equities - US,equities,US,Consommation Cyclique,0.31183195341575143,46655585.67287234,211.44000244140625,9864857148.577366,0.8684,-0.3088,3.0,0.2908,0.0,False,74.3
EXPN.L,EXPERIAN PLC ORD USD0.10,STOCK,Equities - Europe,equities,Europe,Industrie,0.24191932654812956,2159166.72823219,2636.0,5691563495.620053,-0.0832,-0.419,3.0,-0.0001,0.0,False,39.3
AOS,A.O. Smith Corporation,STOCK,Equities - US,equities,US,Industrie,0.2402408741170482,1155363.4587765958,65.00499725341797,75104398.46447209,-0.0341,-0.343,3.0,0.0118,0.0,False,30.9
BAX,Baxter International Inc.,STOCK,Equities - US,equities,US,Santé,0.3576586784383378,5445062.801861702,16.55500030517578,90143016.34652178,-0.6882,-0.6515,3.0,-0.2262,0.0,False,25.2
BP.L,BP PLC $0.25,STOCK,Equities - Europe,equities,Europe,Énergie,0.25027114447529764,42748579.653896965,538.5999755859375,23024383957.92241,0.0259,-0.4051,3.0,0.0265,0.0,False,43.1
XYZ,"Block, Inc.",STOCK,Equities - US,equities,US,Technologie,0.5043851601616202,9533064.190159574,61.46500015258789,585949791.9027884,-0.0441,-0.5296,3.0,-0.0023,0.0,False,31.9
IBE.MC,ACCIONES IBERDROLA,STOCK,Equities - Europe,equities,Europe,Services Publics,0.16138581380361683,10797712.507189542,19.075000762939453,205966374.31264138,1.4131,-0.1642,3.0,0.2481,0.0,False,55.6
ISRG,"Intuitive Surgical, Inc.",STOCK,Equities - US,equities,US,Santé,0.3046661355516545,1763813.9162234042,482.7900085449219,851551735.6851494,0.775,-0.2963,3.0,0.2561,0.0,False,47.7
XLI,State Street Industrial Select ,STOCK,Sector,equities,Global,Industrie,0.15879208305682205,9934202.482712766,164.69000244140625,1636063831.1313894,1.2158,-0.1849,3.0,0.2131,0.0,False,57.3
CNP,"CenterPoint Energy, Inc (Holdin",STOCK,Equities - US,equities,US,Services Publics,0.18497656037148014,4945263.022606383,42.185001373291016,208615927.39993554,0.9057,-0.1814,3.0,0.1875,0.0,False,48.6
HYG,iShares iBoxx $ High Yield Corp,STOCK,Fixed Income,bonds,Global,Obligations,0.05426815638506703,38955243.605053194,79.4800033569336,3096162892.4997935,1.2501,-0.0456,3.0,0.0878,0.0,False,62.0
SUSA,iShares ESG Optimized MSCI USA ,STOCK,ESG / Sustainable,equities,Global,Multi-secteur,0.14842212000481067,168862.06914893616,134.02499389648438,22631737.787033893,1.096,-0.193,3.0,0.1827,0.0,True,45.8
XLY,State Street Consumer Discretio,STOCK,Sector,equities,Global,Consommation Cyclique,0.20635227154661553,9147187.859042553,110.7300033569336,1012868142.3382841,0.7233,-0.2601,3.0,0.1692,0.0,False,48.2
MUB,iShares National Muni Bond ETF,STOCK,Fixed Income,bonds,Global,Obligations,0.041452338258341506,4106511.9787234045,106.3550033569336,436748095.2824157,0.1926,-0.0575,3.0,0.028,0.0,False,43.2
JCI,Johnson Controls International ,STOCK,Equities - US,equities,US,Industrie,0.2764795091677422,4684066.811170213,133.9149932861328,627266775.5696566,1.1612,-0.3085,3.0,0.341,0.0,False,51.9
BRK-B,Berkshire Hathaway Inc. New,STOCK,Equities - US,equities,US,Finance,0.15741236313234588,3999972.535904255,481.2850036621094,1925126796.5910163,0.9769,-0.1495,3.0,0.1738,0.0,False,55.2
VTI,Vanguard Total Stock Market ETF,STOCK,Equities - US,equities,US,Multi-secteur,0.15217916895987355,3568662.7420212766,325.6099853515625,1161992223.1542149,1.1888,-0.193,3.0,0.2009,0.0,False,76.0
HM-B.ST,"Hennes & Mauritz AB, H & M ser.",STOCK,Equities - World,equities,Global,Consommation Cyclique,0.3181875852335915,2750937.4413333335,172.4499969482422,474399153.36273855,0.4595,-0.3556,3.0,0.1662,0.0,False,41.0
BA,Boeing Company (The),STOCK,Equities - US,equities,US,Industrie,0.3331247709815072,7854287.640957447,199.1999053955078,1564573355.0278296,-0.0534,-0.4831,3.0,0.0022,0.0,False,35.1
DPZ,Domino's Pizza Inc,STOCK,Equities - US,equities,US,Consommation Cyclique,0.2744558453369889,640248.6263297872,366.5799865722656,234702332.8428849,0.1724,-0.2937,3.0,0.0673,0.0,False,36.8
CAT,"Caterpillar, Inc.",STOCK,Equities - US,equities,US,Industrie,0.2960067632849797,2740357.0558510637,701.4299926757812,1922168629.6146371,1.623,-0.3405,3.0,0.5004,0.0,False,60.0
IWM,iShares Russell 2000 ETF,STOCK,Equities - US,equities,US,Multi-secteur,0.2106733691757948,34025949.212765954,249.35009765625,8484373759.049793,0.6176,-0.275,3.0,0.1501,0.0,False,71.3
HEIA.AS,HEINEKEN,STOCK,Equities - Europe,equities,Europe,Consommation Défensive,0.21462609062481622,699981.4718954249,65.73999786376953,46016780.467083484,-0.5739,-0.375,3.0,-0.1032,0.0,False,29.2
AVB,"AvalonBay Communities, Inc.",STOCK,Equities - US,equities,US,Immobilier,0.20727958933910345,799099.7872340425,165.05499267578125,131895409.52913325,0.1946,-0.2915,3.0,0.0603,0.0,False,35.8
BMW.DE,BAYERISCHE MOTOREN WERKE AG   S,STOCK,Equities - Europe,equities,Europe,Consommation Cyclique,0.2705241027033699,1057944.335085414,77.83999633789062,82350383.16874075,-0.1279,-0.4122,3.0,-0.0146,0.0,False,29.8
IR,Ingersoll Rand Inc.,STOCK,Equities - US,equities,US,Industrie,0.28718476708800594,2735582.091755319,82.91000366210938,226807121.2454343,0.449,-0.3662,3.0,0.1489,0.0,False,39.0
VGK,Vanguard FTSEEuropean ETF,STOCK,Equities - US,equities,US,Multi-secteur (Europe),0.1497773487219062,2899675.722074468,81.37999725341797,235975602.298223,0.887,-0.1431,3.0,0.1529,0.0,False,49.4
VWO,Vanguard FTSE Emerging Markets ,STOCK,Equities - Emerging Markets,equities,Emerging,Multi-secteur (Émergents),0.15570669074653645,9527131.976063829,53.810001373291016,512654984.71551937,0.785,-0.1737,3.0,0.1422,0.0,False,49.2
CRWD,"CrowdStrike Holdings, Inc.",STOCK,Equities - US,equities,US,Technologie,0.4516056590324977,3928845.703457447,416.57000732421875,1636639283.464994,0.9753,-0.4444,3.0,0.4604,0.0,False,48.9
NTES,"NetEase, Inc.",STOCK,Equities - US,equities,US,Communication,0.37527521708970857,1305246.5531914893,114.23999786376953,149111363.4482883,0.2419,-0.3397,3.0,0.1108,0.0,False,35.8
IBB,iShares Biotechnology ETF,STOCK,Equities - US,equities,US,Santé,0.19419361354074102,1647070.7207446808,163.3699951171875,269081935.605721,0.4058,-0.2485,3.0,0.0988,0.0,False,41.1
GOOG,Alphabet Inc.,STOCK,Equities - US,equities,US,Communication,0.28658853750649066,22101250.87898936,299.4100036621094,6617335606.615402,1.3919,-0.2935,3.0,0.4189,0.0,False,60.7
V,Visa Inc.,STOCK,Equities - US,equities,US,Finance,0.19118885820278816,6558820.507978723,307.1300048828125,2014410574.640996,0.5357,-0.1943,3.0,0.1224,0.0,False,68.6
EMR,Emerson Electric Company,STOCK,Equities - US,equities,US,Industrie,0.273063720102893,2931434.251329787,131.5,385483604.049867,0.6182,-0.2961,3.0,0.1888,0.0,False,43.8
GM,General Motors Company,STOCK,Equities - US,equities,US,Consommation Cyclique,0.3371552867535045,13049495.246010639,76.45999908447266,997764394.5628037,0.9174,-0.3402,3.0,0.3293,0.0,False,49.1
CBOE,"Cboe Global Markets, Inc.",STOCK,Equities - US,equities,US,Finance,0.20509866859711004,805313.8031914893,283.06500244140625,227956153.66649708,1.4675,-0.1448,3.0,0.321,0.0,False,57.0
BN.PA,DANONE,STOCK,Equities - Europe,equities,Europe,Consommation Défensive,0.167931282530768,1206284.8718954248,68.27999877929688,82365129.5805039,0.487,-0.1729,3.0,0.1018,0.0,False,41.0
CPT,Camden Property Trust,STOCK,Equities - US,equities,US,Immobilier,0.2175583083601822,973681.5026595745,99.33999633789062,96725516.90847397,0.0998,-0.2487,3.0,0.0417,0.0,False,34.7
VT,Vanguard Total World Stock Inde,STOCK,Equities - US,equities,US,Multi-secteur,0.1394474371230904,2252811.328457447,139.08990478515625,313343313.1740676,1.1949,-0.1651,3.0,0.1866,0.0,False,73.7
TMO,Thermo Fisher Scientific Inc,STOCK,Equities - US,equities,US,Santé,0.2570054479267573,1866274.7460106383,479.9200134277344,895662601.1652671,-0.2517,-0.3728,3.0,-0.0447,0.0,False,36.0
CINF,Cincinnati Financial Corporatio,STOCK,Equities - US,equities,US,Finance,0.22392543052621383,661560.1569148937,161.11000061035156,106583957.2843428,0.7058,-0.2003,3.0,0.178,0.0,False,44.0
AZN,AstraZeneca PLC,STOCK,Equities - US,equities,US,Santé,0.2337529294432866,2619277.1941489363,185.1699981689453,485011553.24451876,0.4937,-0.2787,3.0,0.1354,0.0,False,63.1
JKHY,"Jack Henry & Associates, Inc.",STOCK,Equities - US,equities,US,Technologie,0.21943978054438715,632914.6236702128,165.03500366210938,104453067.23521614,0.1566,-0.2302,3.0,0.0544,0.0,False,36.0
KO,Coca-Cola Company (The),STOCK,Equities - US,equities,US,Consommation Défensive,0.14981912246050047,15134139.855053192,75.4000015258789,1141114168.1638753,0.6201,-0.1727,3.0,0.1129,0.0,False,68.8
ERF.PA,EUROFINS SCIENT.,STOCK,Equities - Europe,equities,Europe,Santé,0.2924697847778591,356979.1529411765,60.7599983215332,21690052.733528227,-0.0278,-0.3078,3.0,0.0119,0.0,False,28.8
TSM,Taiwan Semiconductor Manufactur,STOCK,Equities - Emerging Markets,equities,Emerging,Technologie,0.3794553362153545,13267747.916223405,338.0050048828125,4484565199.207017,1.4105,-0.3682,3.0,0.5552,0.0,False,58.6
SMH,VanEck Semiconductor ETF,STOCK,Equities - US,equities,US,Technologie,0.3377940047409047,7748514.458776596,392.9599914550781,3044856175.5104003,1.2959,-0.3574,3.0,0.4577,0.0,False,56.4
BBY,"Best Buy Co., Inc.",STOCK,Equities - US,equities,US,Consommation Cyclique,0.35412576678113833,3237472.623670213,64.1449966430664,207667670.5773452,-0.0743,-0.4434,3.0,-0.0063,0.0,False,31.2
AMAT,"Applied Materials, Inc.",STOCK,Equities - US,equities,US,Technologie,0.4203583131578281,6643921.143617021,365.9700012207031,2431475829.0397763,1.0336,-0.4988,3.0,0.4545,0.0,False,49.5
APTV,Aptiv PLC,STOCK,Equities - US,equities,US,Consommation Cyclique,0.35983109971161226,2694736.438829787,70.91000366210938,191083770.74583977,-0.4188,-0.5737,3.0,-0.1307,0.0,False,28.4
TSLA,"Tesla, Inc.",STOCK,Equities - US,equities,US,Consommation Cyclique,0.580812818366168,101163303.06648937,380.6481018066406,38507619284.749084,0.4085,-0.5377,3.0,0.2573,0.0,False,46.7
PDD,PDD Holdings Inc.,STOCK,Equities - US,equities,US,Consommation Cyclique,0.4903990822641488,9379541.563829787,95.79000091552734,898466294.986482,0.1097,-0.4393,3.0,0.0738,0.0,False,36.1
JNK,State Street SPDR Bloomberg Hig,STOCK,Fixed Income,bonds,Global,Obligations,0.054968498396330626,5382965.207446809,95.58000183105469,514503824.38426965,1.2482,-0.0502,3.0,0.0886,0.0,False,57.8
VOW3.DE,VOLKSWAGEN AG                 V,STOCK,Equities - Europe,equities,Europe,Consommation Cyclique,0.24209115470758147,997614.6951379763,86.0999984741211,85894623.72914053,-0.2674,-0.3409,3.0,-0.0447,0.0,False,31.3
ZURN.SW,ZURICH INSURANCE N,STOCK,Equities - Europe,equities,Europe,Finance,0.1584759827600988,277130.34178905206,537.2000122070312,148874422.9920175,0.813,-0.1434,3.0,0.1488,0.0,False,47.3
IT,"Gartner, Inc.",STOCK,Equities - US,equities,US,Technologie,0.3464155110566557,689500.7406914893,163.88999938964844,113002275.97109033,-0.6092,-0.7373,3.0,-0.191,0.0,False,24.0
ADS.DE,adidas AG                     N,STOCK,Equities - Europe,equities,Europe,Industrie,0.3061929901411298,497258.79894875165,133.25,66259734.95992116,-0.1182,-0.4889,3.0,-0.0162,0.0,False,27.7
PAEEM.PA,Amundi PEA Emergent (MSCI Emerg,STOCK,ESG / Sustainable,equities,Global,Multi-secteur (Émergents),0.15633657841479323,24623.861437908497,30.18400001525879,743246.6340175604,0.7704,-0.1866,3.0,0.1404,0.0,True,33.8
SAN.MC,BANCO SANTANDER S.A.,STOCK,Equities - Europe,equities,Europe,Finance,0.28316221748125936,32513726.37254902,9.619000434875488,312749548.1169717,1.6024,-0.2079,3.0,0.4737,0.0,False,58.3
AMD,"Advanced Micro Devices, Inc.",STOCK,Equities - US,equities,US,Technologie,0.5294568361995483,52508399.47872341,204.51300048828125,10738650328.231028,0.4717,-0.63,3.0,0.2697,0.0,False,42.8
VZ,Verizon Communications Inc.,STOCK,Equities - US,equities,US,Communication,0.22811250696693874,21853055.20744681,50.564998626708984,1104999706.5539436,0.7223,-0.1924,3.0,0.1848,0.0,False,49.7
BAS.DE,BASF SE                       N,STOCK,Equities - Europe,equities,Europe,Matières Premières,0.2633277550825184,2459635.779237845,46.88999938964844,115332320.18722,0.1915,-0.2719,3.0,0.0704,0.0,False,35.9
ROG.SW,ROCHE GS,STOCK,Equities - Europe,equities,Europe,Santé,0.20781251208077775,1195111.084224599,300.8999938964844,359608917.94880265,0.3368,-0.2384,3.0,0.09,0.0,False,41.1
WLN.PA,WORLDLINE,STOCK,Equities - Europe,equities,Europe,Immobilier,0.8247934058910171,1923913.7921568628,0.35429999232292175,681642.6417911397,-0.9788,-0.992,3.0,-0.7873,0.0,False,7.2
AME,"AMETEK, Inc.",STOCK,Equities - US,equities,US,Industrie,0.2104838268505784,1185030.4335106383,215.1199951171875,254923741.0705271,0.6985,-0.2304,3.0,0.167,0.0,False,45.3
RNO.PA,RENAULT,STOCK,Equities - Europe,equities,Europe,Consommation Cyclique,0.3136145485633389,1092628.585620915,28.059999465942383,30659157.52899626,-0.2452,-0.4693,3.0,-0.0569,0.0,False,26.4
ABNB,"Airbnb, Inc.",STOCK,Equities - US,equities,US,Consommation Cyclique,0.36244567855427795,5141816.525265957,133.30999755859375,685455548.4299418,0.0414,-0.3716,3.0,0.035,0.0,False,36.0
AGG,iShares Core U.S. Aggregate Bon,STOCK,Fixed Income,bonds,Global,Obligations,0.056147562964751374,8389899.561170213,99.04000091552734,830935660.2194804,0.2512,-0.0736,3.0,0.0341,0.0,False,65.2
DELL,Dell Technologies Inc.,STOCK,Equities - US,equities,US,Technologie,0.5240729098268814,7489763.896276596,161.6300048828125,1210570575.126299,1.2201,-0.5959,3.0,0.6594,0.0,False,48.5
BG,Bunge Limited,STOCK,Equities - US,equities,US,Consommation Défensive,0.2723310955546272,1564894.9215425532,122.4800033569336,191668335.24378026,0.3938,-0.3882,3.0,0.1272,0.0,False,37.4
EIX,Edison International,STOCK,Equities - US,equities,US,Services Publics,0.2609643147443095,2708955.263297872,71.09500122070312,192593177.7509924,0.217,-0.4388,3.0,0.0766,0.0,False,34.1
CHRW,"C.H. Robinson Worldwide, Inc.",STOCK,Equities - US,equities,US,Industrie,0.3344092367953394,1425997.4561170214,169.6385955810547,241904205.75784817,0.6728,-0.3351,3.0,0.245,0.0,False,42.7
ASML,ASML Holding N.V. - New York Re,STOCK,Equities - US,equities,US,Technologie,0.39889997981390646,1421419.4468085107,1374.31005859375,1953471043.2297,0.6702,-0.4548,3.0,0.2873,0.0,False,65.1
INVH,Invitation Homes Inc.,STOCK,Equities - US,equities,US,Immobilier,0.21053903558119944,3665710.3151595746,24.96500015258789,91514458.57730179,-0.1518,-0.3087,3.0,-0.012,0.0,False,32.1
MUV2.DE,MUENCHENER RUECKVERS.-GES. AG N,STOCK,Equities - Europe,equities,Europe,Finance,0.2062520928621277,252308.38896189225,519.7999877929688,131149897.5024552,0.9755,-0.1662,3.0,0.2212,0.0,False,48.7
IEMG,iShares Core MSCI Emerging Mark,STOCK,Equities - Emerging Markets,equities,Emerging,Multi-secteur (Émergents),0.16443119541404244,11149970.772606382,70.43499755859375,785348164.1469222,0.9263,-0.1721,3.0,0.1723,0.0,False,52.1
EME,"EMCOR Group, Inc.",STOCK,Equities - US,equities,US,Industrie,0.35797695976964805,431377.48803191487,747.6199951171875,322506435.4960848,1.8701,-0.3619,3.0,0.6894,0.0,False,58.8
ULVR.L,UNILEVER PLC ORD 3.5P,STOCK,Equities - Europe,equities,Europe,Consommation Défensive,0.16459869157262655,3938467.567282322,4535.0,17860950417.625328,-0.0866,-0.1712,3.0,0.0057,0.0,False,46.9
LLY,Eli Lilly and Company,STOCK,Equities - US,equities,US,Santé,0.3495052387893393,3411229.345744681,915.7711181640625,3123905312.2666698,1.1288,-0.3448,3.0,0.4145,0.0,False,54.5
CLX,Clorox Company (The),STOCK,Equities - US,equities,US,Consommation Défensive,0.22826972237503287,1524322.493351064,106.97000122070312,163056778.97450855,-0.4573,-0.4045,3.0,-0.0844,0.0,False,31.5
JNJ,Johnson & Johnson,STOCK,Equities - US,equities,US,Santé,0.17216532521927133,9104753.32712766,235.7899932861328,2146809725.8753262,1.0224,-0.1595,3.0,0.196,0.0,False,75.9
TLT,iShares 20+ Year Treasury Bond ,STOCK,Fixed Income,bonds,Global,Obligations,0.14374148176500226,37341625.30452128,86.29000091552734,3222208881.71442,-0.3445,-0.2244,3.0,-0.0295,0.0,False,61.9
EOG,"EOG Resources, Inc.",STOCK,Equities - US,equities,US,Énergie,0.2627145589323207,3475415.546542553,140.97999572753906,489964068.902992,0.4719,-0.2372,3.0,0.144,0.0,False,43.6
HOLX,"Hologic, Inc.",STOCK,Equities - US,equities,US,Santé,0.21879098314584433,2144652.199468085,75.51000213623047,161942692.16330647,-0.1511,-0.3985,3.0,-0.0131,0.0,False,31.6
BABA,Alibaba Group Holding Limited,STOCK,Equities - US,equities,US,Consommation Cyclique,0.4263833464093406,18104891.929521278,125.81500244140625,2277867022.314116,0.313,-0.3535,3.0,0.1535,0.0,False,42.7
MSFT,Microsoft Corporation,STOCK,Equities - US,equities,US,Technologie,0.23427663776166943,23668431.651595745,383.92999267578125,9087020790.644384,0.4417,-0.2926,3.0,0.1235,0.0,False,68.8
LSEG.L,LONDON STOCK EXCHANGE GROUP PLC,STOCK,Equities - Europe,equities,Europe,Finance,0.22332172839872008,1456939.142480211,8436.0,12290738605.96306,0.0332,-0.4071,3.0,0.0274,0.0,False,41.7
FSLR,"First Solar, Inc.",STOCK,Equities - US,equities,US,Technologie,0.5647412664521801,2676842.7978723403,189.97000122070312,508519829.57943887,-0.0944,-0.5997,3.0,-0.0333,0.0,False,30.2
UNH,UnitedHealth Group Incorporated,STOCK,Equities - US,equities,US,Santé,0.3607360198858333,6754987.91356383,272.5,1840734206.4461436,-0.472,-0.6139,3.0,-0.1503,0.0,False,52.8
FFIV,"F5, Inc.",STOCK,Equities - US,equities,US,Technologie,0.27984952234044563,612210.6635638297,289.2349853515625,177072742.30795464,0.9089,-0.3473,3.0,0.2743,0.0,False,44.9
TEF.MC,"TELEFONICA,S.A.",STOCK,Equities - Europe,equities,Europe,Communication,0.2012962906531143,14107826.83137255,3.553999900817871,50139215.15945374,0.1609,-0.309,3.0,0.0524,0.0,False,32.8
COST,Costco Wholesale Corporation,STOCK,Equities - US,equities,US,Consommation Défensive,0.19636155258094223,2066108.1223404256,968.7100219726562,2001459644.5902772,1.3026,-0.2074,3.0,0.2758,0.0,False,58.5
DIS,Walt Disney Company (The),STOCK,Equities - US,equities,US,Communication,0.27560922790798703,11181097.582446808,98.66169738769531,1103146066.1416585,-0.0083,-0.3286,3.0,0.0177,0.0,False,37.4
EL.PA,ESSILORLUXOTTICA,STOCK,Equities - Europe,equities,Europe,Santé,0.23641978094149996,488225.73725490196,193.0500030517578,94251980.06700553,0.273,-0.398,3.0,0.0845,0.0,False,34.0
BF-B,Brown Forman Inc,STOCK,Equities - US,equities,US,Consommation Défensive,0.31432500094208266,2788744.6183510637,23.260000228881836,64866200.46113873,-0.8989,-0.6565,3.0,-0.2626,0.0,False,24.3
LNT,Alliant Energy Corporation,STOCK,Equities - US,equities,US,Services Publics,0.1810558776522918,1791156.5279255318,69.69999694824219,124843604.53023364,0.7538,-0.1635,3.0,0.1565,0.0,False,45.7
FCX,"Freeport-McMoRan, Inc.",STOCK,Equities - US,equities,US,Matières Premières,0.4110672169876348,14198580.260638298,54.93000030517578,779928018.0499246,0.3149,-0.4634,3.0,0.1494,0.0,False,38.1
ALB,Albemarle Corporation,STOCK,Equities - US,equities,US,Matières Premières,0.5690627566486586,2968089.9375,169.1199951171875,501963355.73737335,-0.1478,-0.786,3.0,-0.0641,0.0,False,26.4
BR,"Broadridge Financial Solutions,",STOCK,Equities - US,equities,US,Technologie,0.21063004531720647,620462.8510638297,170.97000122070312,106080534.40378392,0.3466,-0.3671,3.0,0.093,0.0,False,35.9
ITA,iShares U.S. Aerospace & Defens,STOCK,Equities - US,equities,US,Industrie,0.1843200403872979,561489.7606382979,226.52999877929688,127194274.79198131,1.4205,-0.1517,3.0,0.2818,0.0,False,54.9
CI,The Cigna Group,STOCK,Equities - US,equities,US,Santé,0.29605333096497954,1725129.3590425532,261.8450012207031,451716499.12436813,0.0199,-0.321,3.0,0.0259,0.0,False,35.7
FICO,Fair Isaac Corporation,STOCK,Equities - US,equities,US,Technologie,0.3828480685476886,220013.58111702127,1099.56005859375,241918146.14445266,0.4029,-0.541,3.0,0.1742,0.0,False,35.0
MMM,3M Company,STOCK,Equities - US,equities,US,Industrie,0.3052712034684982,4125223.3218085105,147.2949981689453,607624761.6322751,0.7441,-0.2287,3.0,0.2472,0.0,False,47.9
IFX.DE,INFINEON TECHNOLOGIES AG      N,STOCK,Equities - Europe,equities,Europe,Technologie,0.3738479164567956,3970096.873850197,38.4900016784668,152809035.33816987,0.0341,-0.3793,3.0,0.0328,0.0,False,32.3
XLU,State Street Utilities Select S,STOCK,Sector,equities,Global,Services Publics,0.16287824272055598,25676269.57180851,45.025001525878906,1156074076.6495562,0.8313,-0.1839,3.0,0.1554,0.0,False,51.4
VIE.PA,VEOLIA ENVIRON.,STOCK,Equities - Europe,equities,Europe,Industrie,0.1897033859211117,1771462.7307189542,31.40999984741211,55641644.10157859,0.4101,-0.1628,3.0,0.0978,0.0,False,39.3
HBAN,Huntington Bancshares Incorpora,STOCK,Equities - US,equities,US,Finance,0.2987494820423428,20632473.882978722,15.4350004196167,318462243.0415072,0.5456,-0.3001,3.0,0.183,0.0,False,42.4
FIX,"Comfort Systems USA, Inc.",STOCK,Equities - US,equities,US,Industrie,0.493104908167715,398861.41090425535,1420.625,566632491.8658577,2.4033,-0.4605,3.0,1.2051,0.0,False,65.2
FISV,"Fiserv, Inc.",STOCK,Equities - US,equities,US,Autre,0.38443849923142065,4297431.09587217,57.79999923706055,248391514.0627317,-0.5642,-0.7642,3.0,-0.1969,0.0,False,25.2
CMS,CMS Energy Corporation,STOCK,Equities - US,equities,US,Services Publics,0.1743350140927313,2373851.022606383,75.1500015258789,178394907.9710789,0.6104,-0.1961,3.0,0.1264,0.0,False,44.0
JBL,Jabil Inc.,STOCK,Equities - US,equities,US,Technologie,0.3936240454564252,1424649.2805851065,265.3500061035156,378030695.29862714,1.1657,-0.3683,3.0,0.4789,0.0,False,49.7
PHIA.AS,KON.PHILIPS N.V.,STOCK,Equities - Europe,equities,Europe,Santé,0.34556863910328195,1990732.7307189542,23.06999969482422,45926203.49016286,0.4926,-0.3392,3.0,0.1902,0.0,False,36.4
AIR.PA,AIRBUS SE,STOCK,Equities - Europe,equities,Europe,Industrie,0.2419825103524976,1045364.7398692811,166.39999389648438,173948686.33384836,0.47,-0.2692,3.0,0.1337,0.0,False,60.6
EMB,iShares J.P. Morgan USD Emergin,STOCK,Fixed Income,bonds,Global,Obligations,0.07505460090995879,6402769.728723404,94.0999984741211,602500621.703021,0.8841,-0.0795,3.0,0.0864,0.0,False,52.7
D,"Dominion Energy, Inc.",STOCK,Equities - US,equities,US,Services Publics,0.2271856085556264,4944127.190159574,59.720001220703125,295263281.83164126,0.3489,-0.3079,3.0,0.0993,0.0,False,39.4
EXC,Exelon Corporation,STOCK,Equities - US,equities,US,Services Publics,0.19523835148897167,6947033.195478723,47.220001220703125,328038915.9707705,0.4354,-0.2082,3.0,0.105,0.0,False,42.8
VWOB,Vanguard Emerging Markets Gover,STOCK,Fixed Income,bonds,Global,Obligations,0.07099277565189586,529291.8723404255,65.70999908447266,34779768.446908176,0.8858,-0.077,3.0,0.0829,0.0,False,46.3
FDS,FactSet Research Systems Inc.,STOCK,Equities - US,equities,US,Finance,0.26415201185272985,398149.0066489362,211.91250610351562,84372753.80160138,-0.7482,-0.6113,3.0,-0.1776,0.0,False,25.8
ESGE,iShares ESG Aware MSCI EM ETF,STOCK,ESG / Sustainable,equities,Global,Multi-secteur (Émergents),0.1715700591227292,762133.4321808511,46.07500076293945,35115298.46919438,0.8968,-0.1671,3.0,0.1739,0.0,True,44.7
URW.PA,UNIBAIL-RODAMCO-WESTFIELD,STOCK,Equities - Europe,equities,Europe,Immobilier,0.24717986555388952,380000.6830892144,94.5999984741211,35948064.040404655,0.9638,-0.2419,3.0,0.2582,0.0,False,44.1
CSX,CSX Corporation,STOCK,Equities - US,equities,US,Industrie,0.21752255054225528,13480927.07712766,39.14500045776367,527710896.60524094,0.5247,-0.2944,3.0,0.1341,0.0,False,43.3
STZ,"Constellation Brands, Inc.",STOCK,Equities - US,equities,US,Consommation Défensive,0.25319905445710844,1699522.7712765958,153.5800018310547,261012710.3245787,-0.4301,-0.5128,3.0,-0.0889,0.0,False,30.4
XLE,State Street Energy Select Sect,STOCK,Sector,equities,Global,Énergie,0.2136332168999793,35400254.41489362,59.70500183105469,2113572254.6610253,0.8017,-0.2014,3.0,0.1913,0.0,False,52.1
HSBC,"HSBC Holdings, plc.",STOCK,Equities - US,equities,US,Finance,0.23137500362904026,1801208.6223404256,80.375,144772143.0206117,1.8275,-0.2183,3.0,0.4428,0.0,False,59.3
ENEL.MI,ENEL,STOCK,Equities - Europe,equities,Europe,Services Publics,0.1795419901892177,23746204.67282322,9.067000389099121,215306847.0081155,1.3104,-0.1349,3.0,0.2553,0.0,False,55.0
OR.PA,L'OREAL,STOCK,Equities - Europe,equities,Europe,Luxe,0.22824772404734323,344800.9568627451,344.8999938964844,118921847.91746277,-0.2223,-0.2992,3.0,-0.0307,0.0,False,52.8
NESN.SW,NESTLE N,STOCK,Equities - Europe,equities,Europe,Santé,0.17828409329782902,3766061.3644859814,74.8499984741211,281889687.38522214,-0.6314,-0.3479,3.0,-0.0926,0.0,False,53.8
GS,"Goldman Sachs Group, Inc. (The)",STOCK,Equities - US,equities,US,Finance,0.27636857057978614,2239036.3098404254,839.0800170898438,1878730625.1256847,1.4599,-0.309,3.0,0.4235,0.0,False,58.4
